bids_name	aor	aqi	dummy_trs	dvars_nstd	dvars_std	dvars_vstd	efc	fber	fd_mean	fd_num	fd_perc	fwhm_avg	fwhm_x	fwhm_y	fwhm_z	gcor	gsr_x	gsr_y	size_t	size_x	size_y	size_z	snr	spacing_tr	spacing_x	spacing_y	spacing_z	summary_bg_k	summary_bg_mad	summary_bg_mean	summary_bg_median	summary_bg_n	summary_bg_p05	summary_bg_p95	summary_bg_stdv	summary_fg_k	summary_fg_mad	summary_fg_mean	summary_fg_median	summary_fg_n	summary_fg_p05	summary_fg_p95	summary_fg_stdv	tsnr
sub-01_task-rest_acq-multiband_bold	0.00044962	0.00529878104	0	33.11092671440881	1.0546474533066135	0.9958636072545091	0.5321	564.2891	0.07996179755263394	0	0.0	3.4687623621637678	3.341608200549753	3.4804790283648557	3.584199857576694	0.00834601	-0.016170654445886612	0.09346920251846313	500	90	90	60	1.9774610718839558	0.75	2.4000000953674316	2.4000000953674316	2.4000000953674316	24.6366	8.1543	30.4871	12.0	370121.0	6.0	130.0	53.1156	1.0835	130.3326	298.6714	279.0	115879.0	97.0	555.0	141.0894	41.43435205705464
sub-01_task-run1_acq-multiband_bold	0.004132477911646586	0.028141125746987954	0	34.9748482166091	1.0090804688188038	0.9628215377179583	0.5364	518.9631	0.0939017179284542	39	1.5662650602409638	3.549608192284577	3.3599331998215836	3.4909831946141248	3.7979081824180208	0.00607521	-0.014879380352795124	0.09400645643472672	2490	90	90	60	1.9948077549517307	0.75	2.4000000953674316	2.4000000953674316	2.4000000953674316	22.051	8.1781	31.0827	12.0	370345.0	6.0	132.0	53.4335	1.2393	126.8697	294.7649	275.0	115655.0	102.0	546.0	137.8573	28.186592049663886
sub-01_task-run2_acq-multiband_bold	0.0010079160063391442	0.015893016148969888	0	35.04632660187157	0.997305065836637	0.9599660789611414	0.5385	508.7936	0.1138962628768346	101	8.003169572107765	3.40897903120601	3.2622415370368345	3.3983790316272167	3.5663165249539803	0.00905382	-0.011189225129783154	0.09598775207996368	1262	90	90	60	1.9728109369917497	0.75	2.4000000953674316	2.4000000953674316	2.4000000953674316	22.0564	8.1555	31.2023	12.0	369787.0	6.0	134.0	54.285	1.3323	122.0445	287.1156	267.0	116213.0	97.0	537.0	135.3393	31.741036113817245
sub-02_task-rest_acq-multiband_bold	0.000715	0.0059674841164658625	2	29.485737338430585	1.0406575075653932	0.9938177077665994	0.4904	827.3888	0.056131967109823634	1	0.20080321285140562	3.7146665190590813	3.5777123578344843	3.6810873537267303	3.885199845616029	0.00760385	-0.012815224938094616	0.04837001860141754	498	90	90	60	2.0184762634438282	0.75	2.4000000953674316	2.4000000953674316	2.4000000953674316	55.0736	5.9185	24.4545	10.0	385051.0	6.0	98.0	46.3013	1.4686	122.4814	305.9823	289.0	100949.0	91.0	571.0	143.1766	41.25931998365559
sub-02_task-run1_acq-multiband_bold	0.0007993373493975905	0.02900423215261044	0	29.751402003937304	0.9334615505343522	0.9136563581960616	0.493	756.7219	0.06805997091924494	29	1.1646586345381527	4.050281783500707	3.9813706751278763	3.9730581754581857	4.196416499916057	0.00555633	-0.013544854708015919	0.04584506154060364	2490	90	90	60	2.0434572873499675	0.75	2.4000000953674316	2.4000000953674316	2.4000000953674316	55.151	7.07	25.7132	11.0	386682.0	6.0	103.0	48.799	1.3367	123.1736	309.2574	291.0	99318.0	101.0	576.0	142.405	27.526396349072456
sub-02_task-run2_acq-multiband_bold	0.0006818858954041204	0.009756563748019018	0	29.772874664385448	1.0052010423235507	0.9734951863600331	0.4929	756.6644	0.07171886582883112	41	3.248811410459588	3.7416054068775146	3.6142915230476254	3.6961248531291937	3.9143998444557253	0.00787854	-0.01274259015917778	0.04518520459532738	1262	90	90	60	2.005644441441129	0.75	2.4000000953674316	2.4000000953674316	2.4000000953674316	49.2604	7.0042	25.3168	11.0	385594.0	6.0	102.0	46.2959	1.2309	125.4461	310.1991	291.0	100406.0	96.0	582.0	145.0898	36.92909138742834
sub-03_task-rest_acq-multiband_bold	0.00032806	0.006669672000000001	0	36.3417280269339	1.0933474413627255	0.9765925887575149	0.5072	723.1805	0.07564715918020479	7	1.4	3.2929665358159332	3.2180290387936816	3.28927486929596	3.3715956993581573	0.00328128	-0.016892068088054657	0.05313151329755783	500	90	90	60	2.162729723585711	0.75	2.4000000953674316	2.4000000953674316	2.4000000953674316	20.0891	5.9452	25.3894	10.0	384727.0	6.0	109.0	42.4459	0.4032	118.1871	289.9996	279.0	101273.0	79.0	522.0	129.003	40.092113877646625
sub-03_task-run1_acq-multiband_bold	0.0018995074397126733	0.0103545489687019	2	36.85296515130391	1.1222301925718696	0.9966404925770036	0.5096	675.0598	0.07784736020751169	14	0.7183170856849667	3.3622804219505356	3.2634332036561484	3.3416498672147643	3.481758194980693	0.00168094	-0.01681237295269966	0.051340214908123016	1949	90	90	60	2.144888752713728	0.75	2.4000000953674316	2.4000000953674316	2.4000000953674316	19.1471	7.0479	26.4524	11.0	384903.0	6.0	114.0	43.9187	0.4213	120.7434	293.6044	282.0	101097.0	81.0	532.0	131.4747	36.567807036219165
sub-03_task-run2_acq-multiband_bold	0.000506161776367962	0.006245454670896114	1	36.13330169689687	1.1201736891190457	1.0060798404047624	0.5126	633.8618	0.07739651356065706	10	0.7930214115781126	3.240583204564126	3.152720708055468	3.2507707041593115	3.318258201477599	0.00318614	-0.017495395615696907	0.04839957132935524	1261	90	90	60	2.1097440808538312	0.75	2.4000000953674316	2.4000000953674316	2.4000000953674316	19.2416	7.0673	27.1836	11.0	384302.0	6.0	117.0	45.7597	0.5846	117.2002	290.603	277.0	101698.0	79.0	532.0	131.2949	40.45004117884673
sub-04_task-rest_acq-multiband_bold	0.000824989939637827	0.008818108651911469	3	28.63135815816535	0.9886251409677419	0.9658516617540308	0.4931	744.814	0.06429783811980155	0	0.0	3.3478429225242308	3.1685165407611318	3.496599861057605	3.378412365753954	0.00707418	-0.015437286347150803	0.04683931916952133	497	90	90	60	1.986550641010921	0.75	2.4000000953674316	2.4000000953674316	2.4000000953674316	22.3203	7.0521	26.7951	11.0	389636.0	6.0	112.0	45.1889	0.6898	139.2945	316.3151	297.0	96364.0	91.0	584.0	149.5046	36.99182688212022
sub-04_task-run1_acq-multiband_bold	0.022354897631473303	0.0403982973223605	1	29.913298032313236	1.0689439467871498	1.1154728086425676	0.5002	671.6627	0.08158000440113528	67	2.6896828582898435	3.599940134729009	3.3511707001697735	3.8175623483037016	3.6310873557135523	0.00432746	-0.015773557126522064	0.04757588729262352	2491	90	90	60	2.012749435236169	0.75	2.4000000953674316	2.4000000953674316	2.4000000953674316	21.0076	7.0517	27.7156	11.0	388920.0	6.0	115.0	45.9836	0.6705	136.3622	312.817	294.0	97080.0	94.0	578.0	146.0681	20.924702319782227
sub-04_task-run2_acq-multiband_bold	0.001046769596199525	0.007329958242280285	1	34.45860025885897	1.0905645104833608	1.010533491093501	0.4979	716.7789	0.10558403410170392	51	4.038004750593824	3.1804498736202764	3.101529043422975	3.2717165366603322	3.1681040407775227	0.00744288	-0.0111733078956604	0.05507291480898857	1263	90	90	60	1.9888565576681518	0.75	2.4000000953674316	2.4000000953674316	2.4000000953674316	25.1795	5.9351	26.0807	10.0	388121.0	6.0	108.0	46.8129	0.731	122.5653	290.4111	273.0	97879.0	82.0	549.0	137.2641	37.74333977513015
sub-05_task-rest_acq-multiband_bold	0.000404308617234469	0.006271685310621242	1	39.10052263120479	1.095123170983936	0.9965614169477909	0.5576	253.2854	0.13664791504685103	90	18.03607214428858	3.2702693144956174	3.089187377246722	3.3696790327676522	3.3519415334724774	0.00894973	-0.002177176997065544	0.06533589214086533	499	90	90	60	1.9585470854872304	0.75	2.4000000953674316	2.4000000953674316	2.4000000953674316	17.4449	13.6702	39.8323	17.0	377272.0	6.0	165.0	63.4295	0.8845	131.858	286.6125	273.0	108728.0	71.0	536.0	139.3884	38.878777576610446
sub-05_task-run1_acq-multiband_bold	0.0002855461847389558	0.011904361253012048	0	38.08833247167537	1.0524495503053424	0.9805938459943758	0.5601	235.351	0.13384562528318497	415	16.666666666666668	3.3167290348716953	3.1440165417346737	3.3967623650247902	3.4094081978556234	0.0308098	-0.002657513599842787	0.06474185734987259	2490	90	90	60	1.957708582120968	0.75	2.4000000953674316	2.4000000953674316	2.4000000953674316	17.6777	14.7266	40.5395	18.0	378043.0	6.0	168.0	64.3989	0.9529	129.7455	283.9366	270.0	107957.0	73.0	531.0	137.9157	33.51660762238316
sub-05_task-run2_acq-multiband_bold	0.00026907216494845363	0.013370424195083268	1	36.16744726273813	0.9890746082142863	0.951620386690476	0.5629	221.8597	0.1151837587838681	97	7.6923076923076925	3.345229033739207	3.1319998755455067	3.4599123625154347	3.4437748631566816	0.00378044	-0.004323480650782585	0.0641767680644989	1261	90	90	60	1.927368902409426	0.75	2.4000000953674316	2.4000000953674316	2.4000000953674316	16.9296	14.5391	41.9617	18.0	378067.0	7.0	173.0	66.077	1.0812	131.339	284.1527	270.0	107933.0	71.0	535.0	140.0867	33.14460075646639
sub-06_task-rest_acq-multiband_bold	0.00028843687374749497	0.005388319759519039	1	41.59221057799195	1.0910828565662665	1.0004547753614457	0.5002	576.8273	0.08946666502610014	0	0.0	3.6788902611397565	3.7115498525162596	3.412904031050045	3.912216899852965	0.00767338	-0.007942862808704376	0.06546582281589508	499	90	90	60	1.838290090090119	0.75	2.4000000953674316	2.4000000953674316	2.3999998569488525	31.1192	6.7059	23.8559	10.0	387090.0	5.0	101.0	42.2643	1.1387	105.2306	255.0389	232.0	98910.0	80.0	502.0	126.2036	36.562941240146756
sub-06_task-run1_acq-multiband_bold	0.0015157590361445784	0.03590488200803212	0	42.767060676360096	0.9652268628806744	0.9155685293290478	0.5052	512.383	0.1177818170242658	243	9.759036144578314	4.226868045101573	4.138554002215306	3.785508182910753	4.75654195017866	0.00504827	-0.007538461592048407	0.06303152441978455	2490	90	90	60	1.8435532602144034	0.75	2.4000000953674316	2.4000000953674316	2.3999998569488525	30.2608	6.7563	24.9078	10.0	387193.0	5.0	105.0	43.4717	1.0855	105.0141	255.9408	232.0	98807.0	83.0	503.0	125.8433	22.696849297732115
sub-06_task-run2_acq-multiband_bold	0.000529167327517843	0.011053433941316417	1	40.77974344265872	1.035386732579365	0.9700944873333341	0.5046	503.9741	0.08702178436811855	28	2.2204599524187154	3.7092291522974024	3.7043873528008717	3.406162364651268	4.017137739440068	0.0125497	-0.0083735641092062	0.06530604511499405	1261	90	90	60	1.7994337098848112	0.75	2.4000000953674316	2.4000000953674316	2.3999998569488525	29.0678	6.7287	25.2142	10.0	386948.0	5.0	106.0	43.944	1.2779	106.059	256.6468	232.0	99052.0	79.0	511.0	128.9288	30.012319881934673
sub-07_task-rest_acq-multiband_bold	0.0010832600000000002	0.01305019806	0	31.618129531342696	0.9955839790781561	0.9599372419438874	0.5049	558.5154	0.08683488043317089	7	1.4	3.885781790037349	3.7223915187521173	3.7278290185360503	4.207124832823879	0.00855625	-0.009135354310274124	0.0421825647354126	500	90	90	60	1.8803685318749872	0.75	2.4000000953674316	2.4000000953674316	2.4000000953674316	25.9957	8.1869	30.8113	12.0	387989.0	6.0	135.0	53.4646	1.2077	137.9977	309.5523	290.0	98011.0	81.0	593.0	154.2243	35.66696086758748
sub-07_task-run1_acq-multiband_bold	0.007044662650602411	0.01979699467871486	0	31.16530805002406	1.068831924768984	1.0741262435516281	0.5082	526.8442	0.08157298583131471	40	1.606425702811245	3.998737341104454	3.765270683714919	3.7655248503714858	4.465416489226958	0.0104808	-0.008753472939133644	0.03777516260743141	2490	90	90	60	1.8669754831012741	0.75	2.4000000953674316	2.4000000953674316	2.4000000953674316	24.9362	9.257	32.3043	13.0	387828.0	6.0	142.0	56.3075	1.3001	139.0591	311.9611	292.0	98172.0	81.0	599.0	156.4019	30.01530060172081
sub-07_task-run2_acq-multiband_bold	0.0014420047543581619	0.007271919849445324	0	30.493613390539235	1.0643687255432204	1.0271700330372722	0.5106	508.0881	0.07189517771252917	19	1.5055467511885896	3.814301237322175	3.665033187697999	3.671895687425308	4.105974836843219	0.0188926	-0.008800503797829151	0.03778839856386185	1262	90	90	60	1.835554399491182	0.75	2.4000000953674316	2.4000000953674316	2.4000000953674316	22.7461	9.1529	33.213	13.0	386988.0	6.0	147.0	57.4653	1.3404	140.8725	311.9778	292.0	99012.0	76.0	605.0	159.0792	38.46534561901353
sub-08_task-rest_acq-multiband_bold	0.0006219959677419355	0.0057162126008064515	4	31.890863202787894	1.0664925623232318	0.9987861793131316	0.5425	536.2615	0.060097534750972174	0	0.0	3.559056923273159	3.527916526479859	3.517737360217676	3.631516883121941	0.00515386	-0.015947997570037842	0.05462377145886421	496	90	90	60	2.072277438652566	0.75	2.4000000953674316	2.4000000953674316	2.3999998569488525	25.2331	8.0826	36.3008	12.0	372561.0	6.0	170.0	66.7225	1.241	126.2125	306.9005	286.0	113439.0	118.0	561.0	138.0118	41.62385531142354
sub-08_task-run1_acq-multiband_bold	0.0009522860586580956	0.012924197955002008	1	33.20064161760043	1.0526315212660788	0.9901211781109311	0.5443	510.6779	0.07858795004691078	84	3.374849337083166	3.6212749808925526	3.5655123583192685	3.529808193071357	3.7685043912870317	0.0162885	-0.015246471390128136	0.05294452980160713	2489	90	90	60	2.0700534091107974	0.75	2.4000000953674316	2.4000000953674316	2.3999998569488525	23.6311	9.1345	36.7378	13.0	372616.0	6.0	172.0	66.8996	1.2705	125.735	306.2806	285.0	113384.0	119.0	560.0	137.677	34.22725759190507
sub-08_task-run2_acq-multiband_bold	0.010773209191759113	0.016307175332805072	0	33.170550678414	1.1711877032751796	1.1752345681522591	0.548	482.1467	0.08775180676760028	74	5.863708399366086	3.681301370484197	3.599737356959289	3.5824081909812215	3.8617585635120806	0.0031419	-0.016325147822499275	0.056900013238191605	1262	90	90	60	2.0596212887260825	0.75	2.4000000953674316	2.4000000953674316	2.3999998569488525	21.9688	9.0777	37.4559	13.0	371719.0	6.0	176.0	67.3534	1.093	126.074	303.6044	283.0	114281.0	115.0	557.0	137.4033	31.184758758172393
sub-09_task-rest_acq-multiband_bold	0.0002577354709418838	0.005712369799599199	1	31.697080884116456	1.0461574337951816	0.9857272637550197	0.4991	733.3486	0.08871340504952653	0	0.0	3.1412263718245548	3.022154046577054	3.14737904160106	3.254146027295551	0.0053686	-0.014720498584210873	0.04348734766244888	499	90	90	60	2.1013507449212008	0.75	2.4000000953674316	2.4000000953674316	2.3999998569488525	23.3383	7.0921	26.2735	11.0	388373.0	6.0	113.0	45.5766	0.7138	125.9677	305.8852	288.0	97627.0	106.0	561.0	137.054	42.48070393782109
sub-09_task-run1_acq-multiband_bold	0.0008306270096463021	0.009789273971061094	2	32.02966982108167	1.062184700868517	1.0003205848492134	0.5	702.5781	0.08894700590884122	46	1.8488745980707395	3.186381928026821	3.0502790454594675	3.1810040402649227	3.327862698356074	0.00679134	-0.014650457538664341	0.04167122766375542	2488	90	90	60	2.0932152983820744	0.75	2.4000000953674316	2.4000000953674316	2.3999998569488525	23.2565	7.0418	26.8617	11.0	388743.0	6.0	116.0	46.6392	0.7258	127.0318	308.1641	289.0	97257.0	110.0	565.0	138.0644	36.49826476001181
sub-09_task-run2_acq-multiband_bold	0.00032503961965134705	0.00639696030110935	0	32.21590005360033	1.0685295996590018	0.997245232307692	0.5025	680.3627	0.08179687220033749	6	0.4754358161648177	3.13398748366345	2.9863123813346077	3.14821237490128	3.267437694754463	0.00763491	-0.014295848086476326	0.04367176070809364	1262	90	90	60	2.089127293462883	0.75	2.4000000953674316	2.4000000953674316	2.3999998569488525	22.4346	7.0077	27.381	11.0	388488.0	6.0	120.0	47.3892	0.7334	126.8453	306.7093	288.0	97512.0	107.0	564.0	137.8559	41.48566350201145
sub-10_task-rest_acq-multiband_bold	0.0003865050505050505	0.007236055393939394	5	34.13468623447371	1.0346376260526315	0.9686955708704446	0.4967	763.7522	0.10829564763263756	30	6.0606060606060606	3.3070262574794724	3.161508207706284	3.3539248667269996	3.405645698005132	0.00891044	-0.015850229188799858	0.06125510856509209	495	90	90	60	2.030359517897865	0.75	2.4000000953674316	2.4000000953674316	2.4000000953674316	22.4222	7.2393	25.1566	11.0	385481.0	6.0	103.0	41.0879	1.2354	126.3896	310.6767	293.0	100519.0	90.0	573.0	144.3087	39.11417772760615
sub-10_task-run1_acq-multiband_bold	0.011372100806451612	0.08961785991935482	10	39.18198101712788	0.8966972031787023	0.894287073497379	0.5053	673.9021	0.20750139850622873	625	25.201612903225808	4.153559557174595	3.8884373454873824	3.9791165085507827	4.593124817485618	0.0040864	-0.017526820302009583	0.0618087500333786	2480	90	90	60	2.1498317155890216	0.75	2.4000000953674316	2.4000000953674316	2.4000000953674316	19.1985	7.3694	26.0475	11.0	386818.0	6.0	105.0	40.3274	1.4012	120.4148	309.6127	292.0	99182.0	115.0	559.0	135.8239	16.77426367625594
sub-10_task-run2_acq-multiband_bold	0.0062906031746031744	0.04992806277777778	2	41.180008340675116	1.0211276659650526	1.0152906859015092	0.5031	724.613	0.23203601901186569	392	31.11111111111111	3.800488737871035	3.512262360435233	3.7867748495270868	4.1024290036507844	0.00523513	-0.013484693132340908	0.06682287156581879	1260	90	90	60	2.0888855845916177	0.75	2.4000000953674316	2.4000000953674316	2.4000000953674316	22.2627	6.101	24.9312	10.0	385250.0	6.0	101.0	40.3889	1.3652	116.3919	297.6886	280.0	100750.0	98.0	542.0	134.0421	20.079301773104817
sub-11_task-rest_acq-multiband_bold	0.001517875751503006	0.010333402104208416	1	32.27928877072292	1.000210267309237	0.9718178998995987	0.5234	547.2191	0.08759190079125141	5	1.002004008016032	3.5743387468574284	3.3866790320921334	3.6492456883253386	3.6870915201548127	0.00456245	-0.01955408789217472	0.08759094774723053	499	90	90	60	1.8984054749075365	0.75	2.4000000953674316	2.4000000953674316	2.4000000953674316	31.7806	8.1944	28.6551	12.0	373563.0	6.0	119.0	47.9213	1.0123	132.0378	292.803	272.0	112437.0	92.0	559.0	143.2775	34.2196346456185
sub-11_task-run1_acq-multiband_bold	0.0028876073865917304	0.019232125118426334	1	34.33877858155423	1.0357942717389554	0.9966236487309248	0.5255	529.3827	0.10501791641094677	93	3.7334403853873948	3.642310966378677	3.4827373616084514	3.639195688724689	3.80499984880289	0.00408877	-0.017150573432445526	0.08889295905828476	2491	90	90	60	1.9274132303329505	0.75	2.4000000953674316	2.4000000953674316	2.4000000953674316	26.6007	8.204	28.7371	12.0	374314.0	6.0	119.0	47.4163	1.1274	127.8802	291.4658	270.0	111686.0	97.0	554.0	140.0835	28.05454299703706
sub-11_task-run2_acq-multiband_bold	0.002226561014263075	0.014798738779714741	2	33.99503513671685	1.032074338207772	0.9926983433941313	0.5293	503.149	0.10363057203218574	41	3.248811410459588	3.5697540248173865	3.402570698127321	3.6221123560701867	3.684579020254651	0.0045078	-0.019074855372309685	0.08978967368602753	1262	90	90	60	1.9151165764055564	0.75	2.4000000953674316	2.4000000953674316	2.4000000953674316	26.4979	8.1332	29.6954	12.0	373314.0	6.0	124.0	49.1911	1.0736	128.6616	289.7222	269.0	112686.0	91.0	551.0	140.4608	30.69654820812866
sub-12_task-rest_acq-multiband_bold	0.00092824	0.00826991284	0	38.24764104953908	1.034886437174348	0.9830089131462919	0.5398	426.281	0.1828509241044593	190	38.0	3.298576257815245	3.182116540220716	3.2489873708968413	3.464624862328177	0.00788043	-0.007296730298548937	0.06472954154014587	500	90	90	60	2.0675556745798187	0.75	2.4000000953674316	2.4000000953674316	2.4000000953674316	18.8659	9.4056	29.1037	13.0	373184.0	6.0	121.0	46.1185	0.5178	120.4748	274.4143	260.0	112816.0	90.0	504.0	125.7518	34.60444173263386
sub-12_task-run1_acq-multiband_bold	0.0011110321285140562	0.020763652152610442	2	37.75178021604662	0.9973467656930481	0.9623294541904389	0.54	426.3148	0.16975487364093825	831	33.373493975903614	3.3622970886165398	3.22033737203529	3.2813248696118644	3.585229024202465	0.00425897	-0.0028569514397531748	0.06636316329240799	2490	90	90	60	2.0880734147898874	0.75	2.4000000953674316	2.4000000953674316	2.4000000953674316	19.4494	8.3252	28.4441	12.0	373533.0	6.0	117.0	45.019	0.4713	116.6505	269.5195	255.0	112467.0	91.0	493.0	122.1216	27.198196481913328
sub-12_task-run2_acq-multiband_bold	0.00027419585987261145	0.008014063312101912	8	37.917393321976164	1.042111312717131	0.991026177840637	0.5397	426.6327	0.15287427595986408	332	26.43312101910828	3.2475859820636384	3.123495709216765	3.2021415394249937	3.417120697549157	0.00752665	-0.002322064945474267	0.06743592023849487	1256	90	90	60	2.0578969470298554	0.75	2.4000000953674316	2.4000000953674316	2.4000000953674316	19.3311	8.2912	28.4545	12.0	373092.0	6.0	118.0	45.374	0.4782	116.8328	267.5227	253.0	112908.0	85.0	493.0	122.9405	34.66036778863054
sub-13_task-rest_acq-multiband_bold	0.0003266733466933868	0.006012244789579159	1	30.39993555759032	1.0092925762248999	0.9849611213253017	0.5241	495.56	0.06314686883958594	0	0.0	3.523091526671587	3.511141527146438	3.4538998627543505	3.6042331901139737	0.00601371	0.006822675466537476	0.049715831875801086	499	90	90	60	1.8825384877988691	0.75	2.4000000953674316	2.4000000953674316	2.4000000953674316	28.1525	7.9746	32.0974	12.0	376175.0	6.0	140.0	59.7219	0.7002	131.702	293.8595	272.0	109825.0	88.0	570.0	144.4851	39.20748389326036
sub-13_task-run1_acq-multiband_bold	0.002240590361445783	0.017161593457831324	2	30.756134420253076	0.9870324536118933	0.9838110333386896	0.5261	470.5642	0.07869681210209804	20	0.8032128514056225	3.6824915203376007	3.6791248538047134	3.5621498584528823	3.806199848755207	0.00672021	0.011299573816359043	0.048047106713056564	2490	90	90	60	1.8854965161372728	0.75	2.4000000953674316	2.4000000953674316	2.4000000953674316	26.7157	7.9322	32.6371	12.0	376735.0	6.0	144.0	60.3835	0.693	129.6771	291.6407	270.0	109265.0	89.0	567.0	143.1977	30.893013180233538
sub-13_task-run2_acq-multiband_bold	0.0010146634996041173	0.012216005138558986	1	31.286224180887466	0.9906278859825682	0.9715482097305844	0.5282	449.4208	0.08092667570290085	20	1.5835312747426762	3.5926165239089123	3.59283735723347	3.4809415283464777	3.7040706861467885	0.00603954	0.014504830352962017	0.04865119233727455	1263	90	90	60	1.8848910566811319	0.75	2.4000000953674316	2.4000000953674316	2.4000000953674316	27.3587	8.9848	33.3504	13.0	376891.0	6.0	148.0	62.2011	0.7099	127.9358	288.5238	267.0	109109.0	89.0	562.0	141.6521	33.44592231232673
sub-14_task-rest_acq-multiband_bold	0.0006878557114228457	0.00508813126252505	1	27.069565573955785	1.023268819156627	1.0093759743975903	0.5092	636.1885	0.08075266238074573	3	0.6012024048096193	3.525504026575723	3.3913540319063653	3.540624859308209	3.6445331885125962	0.00343241	-0.007715863641351461	0.04615137353539467	499	90	90	60	2.0728661463830202	0.75	2.4000000953674316	2.4000000953674316	2.4000000953674316	27.2715	8.1974	29.1172	12.0	384033.0	6.0	123.0	49.6735	0.6109	139.112	315.8015	303.0	101967.0	88.0	574.0	146.1737	43.411678914679214
sub-14_task-run1_acq-multiband_bold	0.001169746987951807	0.013673043385542167	2	27.8684737404299	0.9727945975813562	0.9745800271836061	0.5081	613.1854	0.09775178662474983	67	2.6907630522088355	3.605592912282166	3.4168581975595873	3.578858191122286	3.821062348164624	0.00332179	-0.004371661227196455	0.04870995879173279	2490	90	90	60	2.050610945813499	0.75	2.4000000953674316	2.4000000953674316	2.4000000953674316	27.7539	7.8495	27.015	11.0	384478.0	5.0	111.0	46.255	0.5752	131.3175	292.229	280.0	101522.0	83.0	535.0	136.544	34.783840498072095
sub-14_task-run2_acq-multiband_bold	0.0007676722090261283	0.0047443693745051465	1	28.108605044706827	1.019910450736925	1.0095797469017411	0.5099	596.6069	0.09678603289673432	53	4.196357878068092	3.4769429173942576	3.324358201235207	3.4615623624498704	3.644908188497695	0.00718128	-0.0030607986263930798	0.04867110401391983	1263	90	90	60	2.032696126355542	0.75	2.4000000953674316	2.4000000953674316	2.4000000953674316	25.0405	7.8156	27.3533	11.0	384043.0	5.0	114.0	46.5109	0.5754	131.0571	290.3591	278.0	101957.0	80.0	535.0	136.7635	41.68596176058054
sub-15_task-rest_acq-multiband_bold	0.0005320199999999999	0.0034759981	0	30.060331509078157	1.0532436994789578	1.0055810352905812	0.5212	609.062	0.06866819139333485	0	0.0	3.67396513178752	3.5740331913140144	3.5854206908615156	3.86244151318703	0.00774841	0.006230595055967569	0.06372524052858353	500	90	90	60	1.9978247905801658	0.75	2.4000000953674316	2.4000000953674316	2.4000000953674316	46.1929	8.3233	30.328	12.0	373141.0	6.0	129.0	56.847	0.7808	134.0806	313.5058	294.0	112859.0	100.0	590.0	147.1594	44.75769627513364
sub-15_task-run1_acq-multiband_bold	0.0005310794542536116	0.010739559434189406	0	28.976727645985562	0.986364297089523	0.9677956988398245	0.5231	578.1457	0.0676246219048787	1	0.04012841091492777	3.7189734633323828	3.5777790244985015	3.6173123562609213	3.9618290092377264	0.010402	0.005198984872549772	0.062063828110694885	2492	90	90	60	2.00167390172601	0.75	2.4000000953674316	2.4000000953674316	2.4000000953674316	41.2411	8.2858	30.6607	12.0	373151.0	6.0	132.0	56.1746	0.8194	134.6925	313.9387	295.0	112849.0	102.0	590.0	147.376	35.92140506953001
sub-15_task-run2_acq-multiband_bold	0.003526223277909738	0.007795356627078384	1	29.172393259397783	1.046841238819336	1.0187532216561015	0.526	547.6157	0.06544023703431122	2	0.1583531274742676	3.70364707505251	3.572604024704137	3.6277790225116804	3.9105581779417125	0.00578905	0.003723046975210309	0.06292054057121277	1263	90	90	60	1.9933579850082948	0.75	2.4000000953674316	2.4000000953674316	2.4000000953674316	36.1167	9.3229	31.2004	13.0	372713.0	6.0	135.0	56.4075	0.8648	134.1268	311.6353	293.0	113287.0	101.0	586.0	146.9875	38.51049403427169
sub-16_task-rest_acq-multiband_bold	0.0002599397590361446	0.005053236164658635	2	37.48465671981892	1.159915570261569	0.9935350797384308	0.515	584.4283	0.07233920631684392	5	1.0040160642570282	3.5381790260720636	3.3968623650208167	3.5180873602037686	3.6995873529916063	0.00997222	-0.015727518126368523	0.05729604512453079	498	90	90	60	2.0102598649628676	0.75	2.4000000953674316	2.4000000953674316	2.4000000953674316	23.5327	8.1186	28.6619	12.0	381495.0	6.0	122.0	48.7727	0.4778	133.5473	296.407	282.0	104505.0	81.0	549.0	140.2797	41.422182800015435
sub-16_task-run1_acq-multiband_bold	0.00028281300160513647	0.008992221994382023	0	39.44420660454842	1.1705451521116021	0.9783844631312754	0.516	566.3358	0.0883406388296648	77	3.0898876404494384	3.571242913647112	3.4458248630752224	3.522020693380805	3.7458831844853084	0.0113566	-0.014681119471788406	0.05587148666381836	2492	90	90	60	2.0089729128016245	0.75	2.4000000953674316	2.4000000953674316	2.4000000953674316	23.3017	8.0811	28.8769	12.0	381347.0	6.0	123.0	49.2397	0.4688	132.5674	295.1945	281.0	104653.0	80.0	548.0	139.8718	36.00102289672941
sub-16_task-run2_acq-multiband_bold	0.0010157369255150554	0.01196370561014263	2	40.27556669704991	1.172948648112609	0.9824873791118149	0.5191	541.5877	0.09034398287317724	30	2.3771790808240887	3.5040193052072275	3.3507707001856684	3.468637362168735	3.6926498532672785	0.00970131	-0.015003147535026073	0.05645681172609329	1262	90	90	60	2.02995373580298	0.75	2.4000000953674316	2.4000000953674316	2.4000000953674316	21.9298	8.0733	29.1263	12.0	381238.0	6.0	124.0	49.1474	0.463	130.4849	293.5379	279.0	104762.0	84.0	542.0	137.4409	33.11604221537709
sub-17_task-rest_acq-multiband_bold	0.0010317034068136274	0.015839755470941883	1	31.995672134176697	0.9888623955020072	0.9348475259839357	0.5185	600.6868	0.06181624507490901	3	0.6012024048096193	3.826947070153009	3.664529021051366	3.7140123524184085	4.102299836989251	0.00512686	-0.007274939212948084	0.037845175713300705	499	90	90	60	1.9840153423336793	0.75	2.4000000953674316	2.4000000953674316	2.4000000953674316	48.8303	8.1944	29.287	12.0	374425.0	6.0	121.0	51.9837	0.9199	136.9015	316.7524	295.0	111575.0	106.0	591.0	148.6877	31.973007783526555
sub-17_task-run1_acq-multiband_bold	0.0018139823364110798	0.02517409766358892	1	32.54652030521283	0.9990171292891572	0.9612709023775098	0.5194	571.9515	0.06865427055695608	59	2.3685266961059814	3.9584026204849905	3.8247331813520917	3.734599851600335	4.315874828502543	0.00510403	-0.0019890619441866875	0.04249958693981171	2491	90	90	60	1.964576205745656	0.75	2.4000000953674316	2.4000000953674316	2.4000000953674316	46.7412	7.8582	27.7861	11.0	375305.0	5.0	115.0	49.705	0.8147	126.7705	292.1077	270.0	110695.0	101.0	550.0	137.4336	27.103666131850332
sub-17_task-run2_acq-multiband_bold	0.0002500395882818686	0.008727313388756928	1	31.713994213462787	1.0157522219730586	0.9785462382329632	0.5206	568.9536	0.06892719000006149	22	1.7418844022169437	3.6852831868933364	3.5929748572280062	3.5631873584116556	3.899687345040347	0.00998568	-0.0008587728952988982	0.04581531882286072	1263	90	90	60	1.9396483636835828	0.75	2.4000000953674316	2.4000000953674316	2.4000000953674316	35.5294	7.825	27.4628	11.0	374365.0	5.0	116.0	47.5512	0.8002	125.9073	288.9275	267.0	111635.0	97.0	549.0	137.6532	35.588011821499094
sub-18_task-rest_acq-multiband_bold	0.00051862	0.006161990859999999	0	34.56508445348695	1.1170061018436888	0.9921624287174343	0.5135	629.4957	0.119925823330494	25	5.0	3.6474277627245506	3.5234415266576797	3.4965206943940843	3.9223210671218873	0.00586569	-0.00594365457072854	0.0447198785841465	500	90	90	60	2.1309184185896717	0.75	2.4000000953674316	2.4000000953674316	2.3999998569488525	21.654	8.5398	27.8012	12.0	380413.0	6.0	116.0	45.9848	0.7997	129.701	318.4605	300.0	105587.0	122.0	583.0	140.7837	42.460075948853046
sub-18_task-run1_acq-multiband_bold	0.007510128410914927	0.02044059819020867	0	33.91408653598949	1.1423069944841409	1.1254110066238476	0.5155	604.0303	0.14748244885040068	484	19.42215088282504	3.7537013764863025	3.579237357773886	3.5519706921906993	4.129896079494322	0.00347754	-0.004889426752924919	0.045076146721839905	2492	90	90	60	2.1329201566473555	0.75	2.4000000953674316	2.4000000953674316	2.3999998569488525	20.9855	8.5232	28.0303	12.0	380065.0	6.0	115.0	46.3194	0.8835	127.6466	316.8405	298.0	105935.0	123.0	582.0	139.7139	31.171059031505138
sub-18_task-run2_acq-multiband_bold	0.0011550832672482156	0.008170912117367169	3	32.98644312900792	1.08348686265873	1.0163187889682543	0.5165	613.452	0.17250408320546107	395	31.324345757335447	3.6270180401615324	3.5072081939694004	3.486308194799892	3.8875377317153057	0.00669785	-0.00209872261621058	0.04919437691569328	1261	90	90	60	2.09270312796884	0.75	2.4000000953674316	2.4000000953674316	2.3999998569488525	23.5513	8.4994	28.2909	12.0	379544.0	6.0	120.0	48.3651	1.0483	123.3981	309.7819	290.0	106456.0	118.0	574.0	138.5761	39.0380203560926
sub-19_task-rest_acq-multiband_bold	0.00034416498993963785	0.007612253581488935	3	33.70406065052422	1.0218624769556455	0.9853627768346777	0.5319	437.1013	0.05949389527526469	1	0.2012072434607646	3.182052651334366	3.006829047186015	3.1454873750095618	3.393841531807521	0.00907991	0.0008198539144359529	0.04255925118923187	497	90	90	60	1.9510088890506756	0.75	2.4000000953674316	2.4000000953674316	2.4000000953674316	17.5445	8.0424	34.6319	12.0	386341.0	6.0	162.0	61.2927	0.9277	120.1474	269.3263	254.0	99659.0	72.0	507.0	130.1884	37.84210249199532
sub-19_task-run1_acq-multiband_bold	0.0006798675762439808	0.018465465276886032	0	33.67976421724608	0.9868481087515084	0.9656577861260526	0.5363	406.077	0.06360974052660144	25	1.0032102728731942	3.2705207033745167	3.0424332124378997	3.2135873723035107	3.5555415253821403	0.00657821	0.0031085291411727667	0.03907362371683121	2492	90	90	60	1.964679624263541	0.75	2.4000000953674316	2.4000000953674316	2.4000000953674316	17.3522	9.1163	36.0085	13.0	386743.0	6.0	167.0	62.9525	0.8958	120.1711	271.1903	255.0	99257.0	76.0	508.0	129.7915	29.625210080761462
sub-19_task-run2_acq-multiband_bold	0.0013593586698337295	0.010475456342042755	1	34.605054468415275	1.0399863195087167	1.0060255988748008	0.5393	386.1528	0.06850006696129135	14	1.1084718923198733	3.1926026509151466	3.0048415472649914	3.166520707507105	3.4064456979733433	0.0076516	0.004939085338264704	0.04043290391564369	1263	90	90	60	1.951084329676966	0.75	2.4000000953674316	2.4000000953674316	2.4000000953674316	17.8545	9.0858	37.0539	13.0	386290.0	6.0	173.0	64.8665	0.9591	119.6741	269.0656	253.5	99710.0	73.0	506.0	129.9271	33.89524994883686
sub-20_task-rest_acq-multiband_bold	0.0002205432595573441	0.0037204289336016092	3	32.716062407399214	1.072324300806452	0.9910045685080647	0.506	833.498	0.07197926852902367	0	0.0	3.7273694320925768	3.699908186312191	3.3823706989299973	4.099829411035542	0.00787105	-0.0011361585929989815	0.05542206019163132	497	90	90	60	1.9743164751819833	0.75	2.4000000953674316	2.4000000953674316	2.3999998569488525	46.5316	6.178	27.9429	10.0	377787.0	6.0	121.0	55.5566	1.5498	129.2698	315.4148	290.0	108213.0	126.0	598.0	146.8856	45.13036444783211
sub-20_task-run1_acq-multiband_bold	0.002910863107185869	0.011782902492974711	1	32.363610477526144	1.097761435136545	1.036603884477912	0.5086	777.7277	0.07840981984709397	4	0.16057808109193095	3.877973597946165	3.8688415129327174	3.509079027228394	4.256000253677383	0.00528453	-0.0013448474928736687	0.05392579734325409	2491	90	90	60	1.9717421716226435	0.75	2.4000000953674316	2.4000000953674316	2.3999998569488525	44.9498	6.1857	28.9653	10.0	377839.0	6.0	126.0	57.0512	1.4753	131.304	318.4458	292.0	108161.0	129.0	604.0	148.0917	34.571188422851264
sub-20_task-run2_acq-multiband_bold	0.006753293745051466	0.005729028590657164	1	30.885544503336	1.1292004205150565	1.1175768008003168	0.5119	731.2243	0.08741186914194816	16	1.2668250197941409	3.79177637566362	3.7616206838599564	3.4629665290607403	4.150741914070164	0.00603289	-0.0007427703822031617	0.05340307205915451	1263	90	90	60	1.9497057582668664	0.75	2.4000000953674316	2.4000000953674316	2.3999998569488525	38.8496	7.2405	29.5875	11.0	377228.0	6.0	131.0	56.2044	1.465	132.2621	318.9092	292.0	108772.0	127.0	609.0	149.7655	40.456355006666854
sub-21_task-rest_acq-multiband_bold	0.000520501002004008	0.006407272685370741	1	30.568432409598355	1.029468476606426	0.9979528864056223	0.4994	695.5659	0.091377005989213	3	0.6012024048096193	3.2400415379189837	3.253770704040102	3.1609623743946402	3.305391535322208	0.00454727	-0.007547442801296711	0.0325743742287159	499	90	90	60	2.1148048577925156	0.75	2.4000000953674316	2.4000000953674316	2.4000000953674316	18.6085	7.0357	27.8043	11.0	394417.0	6.0	130.0	49.1738	0.5121	120.9108	291.0646	280.0	91583.0	78.0	530.0	132.3992	40.452650014311075
sub-21_task-run1_acq-multiband_bold	0.0032381540930979135	0.04730722966292134	0	30.256352316366872	0.88980875487756	0.8934565999156973	0.5022	661.4553	0.09222585122218946	24	0.9630818619582665	3.650102632735731	3.5212331934120975	3.434879030176837	3.9941956746182568	0.00420248	-0.00669714342802763	0.033226605504751205	2492	90	90	60	2.1734353562513	0.75	2.4000000953674316	2.4000000953674316	2.4000000953674316	17.1846	7.0549	27.7376	11.0	395233.0	6.0	127.0	47.6605	0.4928	117.1476	290.9057	279.0	90767.0	88.0	523.0	128.3675	23.542556471773423
sub-21_task-run2_acq-multiband_bold	0.0012051977848101265	0.022857354533227847	0	30.831461540229647	0.953779950047505	0.9460946563103723	0.5004	662.1876	0.09682994236240357	62	4.905063291139241	3.327799867765114	3.3308873676424278	3.20667903924469	3.4458331964082243	0.00850951	-0.00323533546179533	0.037536654621362686	1264	90	90	60	2.1205771385641956	0.75	2.4000000953674316	2.4000000953674316	2.4000000953674316	18.7822	7.0705	27.2821	11.0	394683.0	6.0	125.0	47.6328	0.6538	115.2113	286.2252	274.0	91317.0	82.0	523.0	129.2094	29.72132421762217
sub-22_task-rest_acq-multiband_bold	0.0006986	0.0052926169600000005	0	34.672597827535036	1.095127854428858	1.0026837810420846	0.513	597.1233	0.0760327558239426	0	0.0	3.3729818104141898	3.2842498694956355	3.262204037038325	3.572491524708608	0.0129184	-0.013649912551045418	0.04345879331231117	500	90	90	60	2.033388462855634	0.75	2.4000000953674316	2.4000000953674316	2.4000000953674316	23.2713	7.0868	28.7502	11.0	383559.0	6.0	128.0	49.9664	1.0896	125.5586	297.8365	281.0	102441.0	96.0	552.0	138.1923	41.43618600536138
sub-22_task-run1_acq-multiband_bold	0.00789868780096308	0.0475960429775281	0	36.54682926421109	1.0467484927900432	1.0776549835808904	0.5197	524.9175	0.15451410645335126	445	17.857142857142858	3.7987831823832523	3.6144790230401744	3.6379665221068653	4.143904002002716	0.00562372	-0.01239364966750145	0.043689846992492676	2492	90	90	60	2.0900582830039576	0.75	2.4000000953674316	2.4000000953674316	2.4000000953674316	20.2274	8.2703	29.5946	12.0	383885.0	6.0	130.0	49.8372	1.0194	122.2617	297.1685	280.0	102115.0	105.0	546.0	133.9669	20.41359317873139
sub-22_task-run2_acq-multiband_bold	0.00976485759493671	0.06232409786392404	0	35.347386774837624	0.9053228642834533	0.9146239955581944	0.5245	500.8945	0.14835641520345216	276	21.835443037974684	3.897894289556041	3.6866373535061934	3.6634623544270855	4.343583160734846	0.00694861	-0.011223102919757366	0.04447416961193085	1264	90	90	60	2.1164309182062113	0.75	2.4000000953674316	2.4000000953674316	2.4000000953674316	19.1208	8.2622	30.485	12.0	384564.0	6.0	136.0	51.612	1.0596	115.8342	291.513	274.0	101436.0	109.0	536.0	129.4626	19.393024185672402
sub-23_task-rest_acq-multiband_bold	0.0022032600000000003	0.0119098719	0	32.075943191843685	1.0654354309218437	0.995134682845691	0.5041	741.7009	0.09893463082599419	11	2.2	3.885254012280543	3.58797902409319	3.9983998411178647	4.069383171630574	0.00599425	-0.01522933691740036	0.05181663855910301	500	90	90	60	2.223667054314609	0.75	2.4000000953674316	2.4000000953674316	2.4000000953674316	38.022	7.1728	28.8379	11.0	390254.0	6.0	123.0	50.9428	0.1658	133.4446	317.2233	304.0	95746.0	110.0	561.0	136.7104	36.36728959903121
sub-23_task-run1_acq-multiband_bold	0.006235845042151747	0.016845085816940986	1	30.591676875164673	1.1101298849598393	1.083915179698797	0.505	714.7126	0.09916284292338215	63	2.5291047771979125	3.983706786146159	3.6490915216647974	4.036070672954294	4.265958163819386	0.00816824	-0.01472136378288269	0.05114772915840149	2491	90	90	60	2.2387208172969455	0.75	2.4000000953674316	2.4000000953674316	2.4000000953674316	36.3218	7.1279	29.2938	11.0	390749.0	6.0	124.0	51.9217	0.1832	133.0336	318.1508	305.0	95251.0	112.0	561.0	136.2378	31.72989308438264
sub-23_task-run2_acq-multiband_bold	0.002446558544303798	0.024680352341772155	0	34.640176238463965	1.060544299034045	1.0016616806650827	0.5094	672.6924	0.16533479131688025	295	23.338607594936708	4.126667891576506	3.7834081829941995	4.166179001117587	4.430416490617732	0.0123324	-0.014093597419559956	0.05004439502954483	1264	90	90	60	2.2027368865283585	0.75	2.4000000953674316	2.4000000953674316	2.4000000953674316	33.9381	8.2317	30.2417	12.0	389465.0	6.0	130.0	54.1642	0.1876	132.9064	313.1345	300.0	96535.0	106.0	556.0	136.1935	28.14194917178247
sub-24_task-rest_acq-multiband_bold	0.00056684	0.0069296308	0	32.025230438276544	1.0438975608617247	0.9761588372545084	0.5243	610.7369	0.06517597694797489	0	0.0	3.6577179102109043	3.5590956919075767	3.61024985654156	3.8038081821835763	0.00694938	-0.01581008918583393	0.058561768382787704	500	90	90	60	2.0073687599168637	0.75	2.4000000953674316	2.4000000953674316	2.4000000953674316	31.0278	8.1128	31.1243	12.0	374984.0	6.0	137.0	55.4828	0.377	138.266	310.4035	292.0	111016.0	96.0	575.0	145.4634	39.39479445829056
sub-24_task-run1_acq-multiband_bold	0.002165755020080321	0.014750107112449798	2	35.05037798555644	1.0650553432261969	0.962329513029329	0.5268	579.0412	0.06705873437610788	1	0.040160642570281124	3.7568484618273654	3.582974857625371	3.699591519658108	3.9879790081986184	0.00570193	-0.015617210417985916	0.059089042246341705	2490	90	90	60	2.0257456808459695	0.75	2.4000000953674316	2.4000000953674316	2.4000000953674316	28.7316	8.1269	31.7578	12.0	375371.0	6.0	140.0	56.1825	0.3336	137.5105	309.6635	292.0	110629.0	98.0	571.0	144.1438	31.869571789400652
sub-24_task-run2_acq-multiband_bold	0.0010067800632911391	0.008370657681962025	0	33.38631556842443	1.0992173385352355	1.005886582794932	0.5287	558.2422	0.06942207031942851	5	0.39556962025316456	3.655855410284913	3.50356236078094	3.6055123567298115	3.858491513343989	0.00810049	-0.015623346902430058	0.05950193107128143	1264	90	90	60	1.99474023890227	0.75	2.4000000953674316	2.4000000953674316	2.4000000953674316	26.8552	8.098	32.57	12.0	374908.0	6.0	145.0	57.4162	0.3367	139.4561	309.6107	291.0	111092.0	94.0	574.0	145.883	37.290376041899435
sub-25_task-rest_acq-multiband_bold	0.00034370741482965935	0.009168481002004009	1	37.65222013218878	1.0776672387349395	0.971853253975903	0.4984	738.7456	0.09110019053961631	14	2.80561122244489	3.474699861927833	3.336216534097332	3.314216534971534	3.7736665167146324	0.00770337	-0.006585283204913139	0.05586061254143715	499	90	90	60	1.95236572705409	0.75	2.4000000953674316	2.4000000953674316	2.4000000953674316	30.4635	5.9631	24.4488	10.0	384588.0	5.0	103.0	43.5511	2.3272	111.3066	282.9005	264.0	101412.0	92.0	535.0	135.2199	35.313189811538905
sub-25_task-run1_acq-multiband_bold	0.0068202408671216375	0.0567724447611401	1	41.48059768449393	1.0138042306907629	0.9801137565341356	0.5048	682.7888	0.17841713886236685	497	19.95182657567242	4.043774839314825	3.6485456883531535	3.669237354197607	4.813541475393714	0.00651591	-0.006432605907320976	0.05383780971169472	2491	90	90	60	2.0075286785034185	0.75	2.4000000953674316	2.4000000953674316	2.4000000953674316	21.1255	5.9834	24.8434	10.0	384568.0	6.0	104.0	41.9584	2.2461	108.9079	282.3635	263.0	101432.0	102.0	528.0	131.0062	18.316270083654672
sub-25_task-run2_acq-multiband_bold	0.0026629509493670887	0.03654836126582279	0	40.593592612802844	1.0279454888202695	0.9630987119477433	0.5056	668.848	0.15396733268995091	231	18.275316455696203	3.733851240518971	3.531966526318927	3.459712362523382	4.209874832714604	0.00601116	-0.0055777872912585735	0.054580312222242355	1264	90	90	60	1.981975344986233	0.75	2.4000000953674316	2.4000000953674316	2.4000000953674316	21.909	5.9386	25.559	10.0	384588.0	6.0	109.0	44.2244	2.3559	109.2094	281.591	262.0	101412.0	99.0	528.0	132.1907	22.8018122962676
sub-26_task-rest_acq-multiband_bold	0.0007412248995983937	0.0057305233534136555	2	28.664156255674033	1.0138757834205232	0.9944036718108653	0.5055	700.7198	0.08949707052781303	0	0.0	3.4884734724916293	3.4109998644590434	3.4115206977716803	3.6428998552441656	0.00807112	-0.0027100765146315098	0.04137326404452324	498	90	90	60	2.0308413685472835	0.75	2.4000000953674316	2.4000000953674316	2.4000000953674316	23.9282	7.0498	25.623	11.0	379607.0	6.0	104.0	42.2003	0.8508	131.6688	312.2546	293.0	106393.0	110.0	585.0	144.2745	42.41386040719226
sub-26_task-run1_acq-multiband_bold	0.0016439903653151348	0.018248794676836613	1	28.460597751401657	0.9481285166827306	0.9502545882088355	0.5082	655.6793	0.09769394351907326	29	1.1641910879164994	3.6610262434127763	3.581245691027415	3.547766525691091	3.854066513519823	0.00326313	-0.0005513962241820991	0.040557123720645905	2491	90	90	60	2.046238353746263	0.75	2.4000000953674316	2.4000000953674316	2.4000000953674316	22.785	7.0696	26.098	11.0	380132.0	6.0	106.0	42.5453	0.8513	129.1718	310.9705	291.0	105868.0	113.0	581.0	142.2115	31.528413794236258
sub-26_task-run2_acq-multiband_bold	0.00047221694378463976	0.005250771939825811	1	28.528118426774935	1.0191167750316943	0.9997186714817768	0.5095	641.6277	0.0877492066329964	0	0.0	3.516919304694627	3.4806623616909045	3.446770696370971	3.6233248560220064	0.00534403	-0.00289405626244843	0.04075314849615097	1263	90	90	60	2.030934252818775	0.75	2.4000000953674316	2.4000000953674316	2.4000000953674316	21.3053	8.1373	26.7257	12.0	379864.0	6.0	110.0	43.4731	0.8553	132.0584	312.5461	293.0	106136.0	111.0	584.0	144.2679	42.128771517425776
sub-27_task-rest_acq-multiband_bold	0.0007568599999999998	0.00563511778	0	37.851890930761556	1.0935564810220442	1.0105647460521043	0.518	519.1757	0.11031175599012207	38	7.6	2.9867610952815036	2.865562386132781	2.9886457145752225	3.106075185136508	0.0126104	-0.0015271835727617145	0.0466025173664093	500	90	90	60	2.1244761216975427	0.75	2.4000000953674316	2.4000000953674316	2.3999998569488525	17.5244	7.0186	27.1449	11.0	386391.0	6.0	116.0	44.709	0.5989	113.4072	272.8858	261.0	99609.0	81.0	498.0	122.8532	38.70981745887548
sub-27_task-run1_acq-multiband_bold	0.0017819462279293737	0.017342440268860355	0	37.80355656090738	1.053974198739464	0.9870354772380594	0.5204	495.1669	0.11040339107658123	192	7.704654895666132	3.0839708185358528	2.9402790498304747	3.0577373784964332	3.2538960272806503	0.0087503	-0.002139279618859291	0.04590177163481712	2492	90	90	60	2.1333754211719294	0.75	2.4000000953674316	2.4000000953674316	2.3999998569488525	17.1473	8.1127	27.7374	12.0	386239.0	6.0	117.0	45.2868	0.5863	113.7808	275.0842	263.0	99761.0	84.0	502.0	123.2782	30.912993483943865
sub-27_task-run2_acq-multiband_bold	0.0007915348101265825	0.006842908939873418	0	37.99028775357885	1.1010594073396676	1.0127463494378466	0.5231	473.7421	0.11887061791326996	137	10.83860759493671	3.01469165058167	2.8835540520845235	3.0286415463192644	3.131879353341223	0.0162221	-0.004439332522451878	0.045068927109241486	1264	90	90	60	2.112026199192116	0.75	2.4000000953674316	2.4000000953674316	2.3999998569488525	16.4703	8.0628	28.9075	12.0	386162.0	6.0	125.0	47.1557	0.5465	116.311	277.5946	265.0	99838.0	82.0	507.0	125.4713	37.34676457941532
sub-28_task-rest_acq-multiband_bold	0.0006015492957746478	0.005130996981891348	3	30.310600081008058	1.0269471168145166	1.0093341968346774	0.4887	824.027	0.09586802427059737	2	0.4024144869215292	3.179533206990035	2.9890623812253323	3.218512372107809	3.3310248676369643	0.00346114	-0.0006983276689425111	0.034113556146621704	497	90	90	60	2.254596234638054	0.75	2.4000000953674316	2.4000000953674316	2.4000000953674316	26.1797	4.6536	22.8197	9.0	396257.0	6.0	97.0	38.8549	0.2981	114.0411	276.0499	270.0	89743.0	78.0	485.0	119.7547	41.120187412016094
sub-28_task-run1_acq-multiband_bold	0.002994642857142857	0.015902090381219904	0	29.993925463729433	0.9847108540264975	0.9930934747370532	0.4913	777.9909	0.09273965785916942	22	0.8828250401284109	3.2415568156365495	3.0373457126400583	3.2639790369677923	3.423345697301797	0.00804679	0.00029097445076331496	0.03378999978303909	2492	90	90	60	2.267486438371096	0.75	2.4000000953674316	2.4000000953674316	2.4000000953674316	25.1005	5.7835	23.304	10.0	396815.0	6.0	98.0	39.2018	0.3685	112.3601	276.7666	269.0	89185.0	85.0	487.0	118.6329	32.238274722592905
sub-28_task-run2_acq-multiband_bold	0.0003436817102137767	0.013473373460015835	1	30.271742175443713	0.952370764429476	0.9518079427575262	0.4933	758.905	0.09349332381121023	23	1.8210609659540775	3.2258582051492453	3.0506790454435726	3.2446748710682045	3.3822206989359582	0.00452091	0.0003926277277059853	0.034545451402664185	1263	90	90	60	2.2546896747613494	0.75	2.4000000953674316	2.4000000953674316	2.4000000953674316	25.9483	5.7766	23.6664	10.0	396523.0	6.0	101.0	39.7818	0.3888	112.0568	275.355	268.0	89477.0	81.0	484.0	118.8627	34.26909652305767
sub-29_task-rest_acq-multiband_bold	0.0002827855711422846	0.005431692685370742	1	33.21337988672692	1.033484117811245	0.9985994944979912	0.5469	342.6983	0.07631113156765211	1	0.20040080160320642	3.52826235979945	3.4977165276798994	3.585720690849594	3.501349860868857	0.00800768	0.0025903296191245317	0.06518141180276871	499	90	90	60	1.7972175823000285	0.75	2.4000000953674316	2.4000000953674316	2.4000000953674316	19.3464	10.096	36.7849	14.0	372373.0	6.0	163.0	60.0894	1.3169	135.1991	285.626	265.0	113627.0	72.0	553.0	147.4495	40.58094745944254
sub-29_task-run1_acq-multiband_bold	0.002468249698916098	0.04018295214371738	1	33.94617928734942	0.875010457429719	0.879353810409639	0.553	316.9003	0.08550270312101627	55	2.2079486150140504	3.7551679063385897	3.604358190109007	3.7469248511105837	3.914220677796178	0.00710013	0.0058279274962842464	0.06384655833244324	2491	90	90	60	1.8343341310402685	0.75	2.4000000953674316	2.4000000953674316	2.4000000953674316	17.0182	11.2287	37.6013	15.0	372636.0	6.0	164.0	59.8339	1.2564	133.1509	284.122	264.0	113364.0	78.0	544.0	143.9208	24.39572911011055
sub-29_task-run2_acq-multiband_bold	0.0015328085443037974	0.006340320838607596	0	35.211794545764064	1.0827977555502766	1.0322570435787801	0.552	317.4066	0.08304619878233975	36	2.848101265822785	3.4615956957818788	3.418716530819077	3.527054026514132	3.439016530012428	0.0151675	0.0067087821662425995	0.06354772299528122	1264	90	90	60	1.803556385566866	0.75	2.4000000953674316	2.4000000953674316	2.4000000953674316	18.0406	11.1629	37.8691	15.0	372219.0	6.0	167.0	61.2504	1.2503	133.4166	282.1388	262.0	113781.0	71.0	546.0	145.2679	38.686707466840744
sub-30_task-rest_acq-multiband_bold	0.0003594589178356714	0.00465994509018036	1	32.51424110757028	1.0353352791566273	1.0030207109236944	0.5511	328.0816	0.09390738307262526	4	0.8016032064128257	3.5501623589292226	3.374029032594799	3.601504023555755	3.674954020637114	0.0130558	-0.019821900874376297	0.07578938454389572	499	90	90	60	1.9094685391305408	0.75	2.4000000953674316	2.4000000953674316	2.4000000953674316	22.7301	11.4835	36.2922	15.0	371247.0	6.0	152.0	57.7874	0.519	138.0484	290.9763	274.0	114753.0	75.0	549.0	143.4948	41.06635625474155
sub-30_task-run1_acq-multiband_bold	0.0036695824969891614	0.01655348651947009	1	32.865953284566224	0.9852964484658672	0.9638660150481907	0.5548	302.2403	0.10986546304752938	181	7.266158169409875	3.73923457363839	3.5290456931016565	3.7490456843596425	3.93961234345387	0.00766201	-0.020865319296717644	0.07415406405925751	2491	90	90	60	1.9220145668919855	0.75	2.4000000953674316	2.4000000953674316	2.4000000953674316	24.366	12.6405	37.8887	16.0	371649.0	6.0	158.0	60.5256	0.5052	138.8676	292.8771	276.0	114351.0	78.0	552.0	143.5987	30.533018144778907
sub-30_task-run2_acq-multiband_bold	0.00016282091917591124	0.004649781069730586	2	31.422139300134784	1.0187417164710566	0.9987721103727208	0.5567	292.3851	0.0869402575119266	5	0.39619651347068147	3.5235651377638786	3.313424868336325	3.593754023863712	3.663516521091599	0.00782003	-0.020735688507556915	0.07449890673160553	1262	90	90	60	1.8938802616152302	0.75	2.4000000953674316	2.4000000953674316	2.4000000953674316	23.3906	12.5081	38.8257	16.0	371405.0	6.0	163.0	61.7336	0.6262	139.3599	292.2287	275.0	114595.0	76.0	554.0	145.2039	40.80722430534661
sub-31_task-rest_acq-multiband_bold	0.000987054108216433	0.005886749779559119	1	29.840594686124472	1.0087779564658637	0.9887218060843361	0.4883	776.1004	0.10187434434197656	1	0.20040080160320642	3.387330420955138	3.1994623728647875	3.4781331951247374	3.4843956948758885	0.00532209	-0.015542376786470413	0.05222102627158165	499	90	90	60	2.0104937308777786	0.75	2.4000000953674316	2.4000000953674316	2.4000000953674316	25.0605	5.8442	24.2528	10.0	391357.0	6.0	100.0	39.8317	0.4875	133.6927	297.5379	283.0	94643.0	77.0	549.0	140.7607	39.86242918856442
sub-31_task-run1_acq-multiband_bold	0.005385126455238859	0.01490583714171016	1	29.86531667438949	1.0155445987148577	1.012336983048193	0.4907	735.9164	0.10161433916401585	19	0.762745885186672	3.5411429148431783	3.2998748688747535	3.620033189486138	3.703520686168644	0.00296384	-0.016293704509735107	0.05242380499839783	2491	90	90	60	1.9997613257737115	0.75	2.4000000953674316	2.4000000953674316	2.4000000953674316	23.8263	5.7977	24.8892	10.0	391055.0	6.0	102.0	40.7018	0.489	134.2442	298.2963	284.0	94945.0	75.0	552.0	142.0162	30.857013000524603
sub-31_task-run2_acq-multiband_bold	0.0005919572107765451	0.006902136133122027	2	29.810591243092794	1.0136629322839008	0.988473007232354	0.4924	725.9472	0.08980813801076899	3	0.23771790808240886	3.4411109743736463	3.242187371167049	3.5088748605698403	3.572270691384049	0.00339314	-0.017439287155866623	0.05321350321173668	1262	90	90	60	1.9801422291269724	0.75	2.4000000953674316	2.4000000953674316	2.4000000953674316	27.5006	6.9407	25.726	11.0	390695.0	6.0	107.0	42.9095	0.4852	136.363	298.9883	285.0	95305.0	72.0	558.0	143.9283	38.62923422618769
sub-32_task-rest_acq-multiband_bold	0.0003862048192771084	0.0046748855020080325	2	32.216430936599586	1.0627392789939643	1.004240234446681	0.5531	372.6185	0.048967304744565655	0	0.0	3.837731791946684	3.640633188667568	3.781691516395747	4.090870670776738	0.00817123	-0.001494920114055276	0.05583201348781586	498	90	90	60	1.770549187431553	0.75	2.4000000953674316	2.4000000953674316	2.4000000953674316	24.4867	10.021	42.409	14.0	362419.0	6.0	198.0	80.2195	1.6663	138.9121	304.0226	277.0	123581.0	93.0	595.0	156.448	43.16774526494555
sub-32_task-run1_acq-multiband_bold	0.00026429947812123646	0.012407024010437575	1	32.19277269762647	1.0059580715180723	0.9668310666546182	0.5553	353.8092	0.05713748102294401	1	0.04014452027298274	3.8753873460059425	3.65839568796175	3.820720681511534	4.147045668544544	0.0181372	0.0019506881944835186	0.05117005854845047	2491	90	90	60	1.7654797021669504	0.75	2.4000000953674316	2.4000000953674316	2.4000000953674316	23.5686	10.9978	43.4342	15.0	362513.0	6.0	204.0	81.8931	1.6717	137.6356	302.1031	275.0	123487.0	92.0	592.0	155.7644	34.141249572858214
sub-32_task-run2_acq-multiband_bold	0.0006779414093428344	0.0056873791290577985	1	32.19394687304284	1.0557029056418379	1.0125732249445316	0.5574	333.4172	0.05355913762394572	0	0.0	3.82557345909648	3.6028165235036007	3.8095998486201026	4.064304005165735	0.00958549	0.002061262493953109	0.049447376281023026	1263	90	90	60	1.7518165980353253	0.75	2.4000000953674316	2.4000000953674316	2.4000000953674316	22.2396	10.9112	44.795	15.0	362551.0	6.0	211.0	84.3909	1.681	137.9548	300.2954	273.0	123449.0	91.0	591.0	155.8376	40.65823202440515
sub-33_task-rest_acq-multiband_bold	0.0003990180360721443	0.0057404108617234465	1	37.358844186546186	1.1312081038755026	1.0002718022088355	0.4846	773.3998	0.08764248761631073	0	0.0	3.4396998633186073	3.465491528960406	3.3233123679434313	3.5302956930519858	0.00877688	-0.006993845570832491	0.034076038748025894	499	90	90	60	2.021694778914158	0.75	2.4000000953674316	2.4000000953674316	2.4000000953674316	24.2897	5.9245	23.0164	10.0	392274.0	6.0	95.0	39.5267	0.9669	113.688	287.7582	273.0	93726.0	80.0	544.0	135.0345	42.115790432319045
sub-33_task-run1_acq-multiband_bold	0.0001549518459069021	0.008069488366773677	0	37.55572437321553	1.0899737240586138	0.9769950236651952	0.4856	756.8999	0.10227188512275602	45	1.8057784911717496	3.4553318071418944	3.4693123621419124	3.327129034458437	3.5695540248253335	0.00442329	-0.006530976388603449	0.03327011317014694	2492	90	90	60	2.0154064676902625	0.75	2.4000000953674316	2.4000000953674316	2.4000000953674316	23.4167	5.8685	23.339	10.0	392158.0	6.0	97.0	39.923	0.9435	114.9525	288.063	274.0	93842.0	78.0	546.0	135.952	38.997568951919675
sub-33_task-run2_acq-multiband_bold	0.00018592240696753762	0.006663279002375297	1	36.137291140546715	1.0863183557290008	0.9883399203803477	0.4879	733.1175	0.10425344565459155	47	3.721298495645289	3.4210998640577053	3.4112998644471224	3.3038248687177947	3.5481748590081987	0.00625817	-0.00768644455820322	0.03313572704792023	1263	90	90	60	2.0183445116821033	0.75	2.4000000953674316	2.4000000953674316	2.4000000953674316	22.6863	5.8846	23.771	10.0	391992.0	6.0	99.0	40.4647	0.9249	115.1599	287.6354	274.0	94008.0	77.0	546.0	135.7541	40.17392538872082
sub-34_task-rest_acq-multiband_bold	0.00022407258064516126	0.004949205625	4	37.127942526484844	1.1207204216161617	0.9870585293939403	0.5055	586.2185	0.05745072793504541	0	0.0	3.590754023982921	3.509037360563383	3.61321235642384	3.6500123549615404	0.00443406	-0.009433119557797909	0.05255904048681259	496	90	90	60	1.9245174216017775	0.75	2.4000000953674316	2.4000000953674316	2.4000000953674316	33.9122	8.1155	27.2026	12.0	383594.0	6.0	111.0	45.9094	1.0912	130.747	293.2565	279.0	102406.0	66.0	550.0	144.9707	42.46015789126977
sub-34_task-run1_acq-multiband_bold	0.00024146869983948638	0.007406648631621188	0	36.73430437452027	1.1209081972500994	0.9926409118787618	0.5069	561.4894	0.059935430316863526	7	0.2808988764044944	3.618197078447988	3.503349860789384	3.656116521385649	3.6951248531689305	0.00477224	-0.010610852390527725	0.05062923952937126	2492	90	90	60	1.912722434202258	0.75	2.4000000953674316	2.4000000953674316	2.4000000953674316	31.2187	8.0722	27.8964	12.0	383697.0	6.0	114.0	46.76	1.1044	132.333	295.8942	281.0	102303.0	66.0	557.0	146.9103	38.68178203655407
sub-34_task-run2_acq-multiband_bold	0.0005731591448931117	0.0068546334916864595	1	36.705080153383484	1.1172251312916008	0.9963623116719483	0.5092	538.1247	0.06870501024261973	16	1.2668250197941409	3.6646748543789047	3.5444373591567135	3.707891519328295	3.741695684651705	0.00610562	-0.009480088017880917	0.05022652447223663	1263	90	90	60	1.8913591675983839	0.75	2.4000000953674316	2.4000000953674316	2.4000000953674316	30.363	8.0293	28.9454	12.0	383401.0	6.0	120.0	48.7118	1.1331	134.8299	297.054	282.0	102599.0	63.0	561.0	149.0984	39.30395329068415
sub-35_task-rest_acq-multiband_bold	0.0003305823293172691	0.00954441062248996	2	34.49225855939639	1.0362280737022134	0.9526574347082487	0.516	578.7179	0.06694675368033452	1	0.20080321285140562	3.4260554194163446	3.3380457006913145	3.355587366660938	3.584533190896782	0.00326829	-4.811771577806212e-05	0.048343509435653687	498	90	90	60	1.981119310767428	0.75	2.4000000953674316	2.4000000953674316	2.4000000953674316	20.0206	8.0769	31.3387	12.0	382533.0	6.0	144.0	56.1318	0.4342	135.2443	302.3962	287.0	103467.0	75.0	563.0	144.8669	35.94585100002587
sub-35_task-run1_acq-multiband_bold	0.0017981011641910883	0.020626494207145726	1	33.7966217408313	1.0303814778273104	0.9599651527469869	0.5185	544.9573	0.06572803471979717	5	0.20072260136491368	3.56951513593799	3.437387363410498	3.483499861578152	3.7876581828253197	0.00326975	-0.0008215069537982345	0.04811399430036545	2491	90	90	60	1.9621593885954471	0.75	2.4000000953674316	2.4000000953674316	2.4000000953674316	20.5603	8.0192	32.549	12.0	382214.0	6.0	150.0	58.2196	0.451	137.1868	305.0434	289.0	103786.0	74.0	571.0	147.286	30.605819759657606
sub-35_task-run2_acq-multiband_bold	0.0001779730799683294	0.005760538749010293	1	32.891718012091935	1.0716603603090338	0.9912244803882724	0.5193	537.7819	0.06251106048898036	2	0.1583531274742676	3.441220696591509	3.338449867341921	3.387195698738269	3.5980165236943353	0.00477759	-0.002363471547141671	0.04806853458285332	1263	90	90	60	1.9410493830572615	0.75	2.4000000953674316	2.4000000953674316	2.4000000953674316	20.9206	9.1292	33.4461	13.0	382356.0	6.0	155.0	60.1045	0.5245	138.7906	307.0749	290.0	103644.0	74.0	578.0	149.403	40.91849612700753
sub-36_task-rest_acq-multiband_bold	0.0002702605210420842	0.006274092344689379	1	30.256952856546185	1.0224868757429715	0.9868523581325311	0.4984	674.3822	0.05114783848700441	0	0.0	3.2767012586844793	3.2169373721703938	3.2241415385507928	3.3890248653322517	0.00469826	-0.011463646776974201	0.036157626658678055	499	90	90	60	2.0946498472485398	0.75	2.4000000953674316	2.4000000953674316	2.4000000953674316	19.5245	7.0476	26.2232	11.0	391321.0	6.0	114.0	44.1161	0.9963	124.2712	295.6876	283.0	94679.0	87.0	534.0	135.1054	41.02891142759472
sub-36_task-run1_acq-multiband_bold	0.006942794058611001	0.02461051405459655	1	30.292457784245006	1.0199574151325321	1.0195994830120478	0.5028	629.1529	0.05906360255885627	2	0.08028904054596547	3.4310595858841637	3.2895957026165448	3.3452998670697265	3.6582831879662203	0.00370381	-0.012306478805840015	0.03477034345269203	2491	90	90	60	2.098390011602303	0.75	2.4000000953674316	2.4000000953674316	2.4000000953674316	18.0786	7.0273	27.2116	11.0	390677.0	6.0	118.0	45.2786	1.0296	125.3189	298.0054	285.0	95323.0	89.0	536.0	135.8177	29.004731591558084
sub-36_task-run2_acq-multiband_bold	0.000736384493670886	0.008687828639240506	0	28.673412816983383	0.9917110906254937	0.9851907640617575	0.5025	641.2839	0.061379677225877304	6	0.47468354430379744	3.247094315416509	3.1545957079809623	3.2104415390951813	3.376245699173383	0.012331	-0.011992803774774075	0.03494985029101372	1264	90	90	60	2.0551545497176265	0.75	2.4000000953674316	2.4000000953674316	2.4000000953674316	18.8845	6.9591	27.5343	11.0	390120.0	6.0	121.0	46.5331	1.0604	126.8768	297.5784	284.0	95880.0	83.0	540.0	138.1884	36.76131624355912
sub-37_task-rest_acq-multiband_bold	0.00040298	0.0137913823	0	30.74765370138278	0.9384388152304612	0.9462705436673347	0.5533	428.5965	0.0822894331742628	9	1.8	3.581298589697461	3.5393040260273603	3.553704025455156	3.6508877176098657	0.00608224	0.004226213321089745	0.07230031490325928	500	90	90	60	2.0727831743597305	0.75	2.4000000953674316	2.4000000953674316	2.3999998569488525	22.6386	9.0528	34.6038	13.0	369139.0	6.0	156.0	60.5339	0.2653	123.6135	275.9691	263.0	116861.0	84.0	504.0	126.882	32.42502452735789
sub-37_task-run1_acq-multiband_bold	0.00589675914756735	0.02537568445516687	5	31.296723420189043	1.0618876777755424	1.0946681952574402	0.5563	409.5228	0.08708082226131329	50	2.0104543626859672	3.697193037593649	3.6068081900116526	3.5905706906568726	3.894200232112422	0.0039112	0.004711759276688099	0.073998361825943	2487	90	90	60	2.051819505058463	0.75	2.4000000953674316	2.4000000953674316	2.3999998569488525	20.885	8.9999	35.3952	13.0	368572.0	6.0	159.0	61.0277	0.2996	123.3904	276.3126	262.0	117428.0	84.0	508.0	127.691	26.478528073057532
sub-37_task-run2_acq-multiband_bold	0.00048475474683544304	0.007397424691455695	0	32.88339099441803	1.0259956594932698	0.9977475928741085	0.5575	404.7101	0.08120451292374446	31	2.4525316455696204	3.4277333128329026	3.4098081978397294	3.3792040323891626	3.4941877082698167	0.00919457	0.0069997236132621765	0.07940451800823212	1264	90	90	60	2.0278692001593845	0.75	2.4000000953674316	2.4000000953674316	2.3999998569488525	19.8868	9.027	35.8147	13.0	368344.0	6.0	163.0	62.0608	0.4001	121.8437	271.9248	258.0	117656.0	80.0	504.0	127.2266	36.75595863885246
sub-38_task-rest_acq-multiband_bold	0.00035479919678714863	0.004309110060240965	2	30.49345076742455	1.0285541735010064	1.0074684679275654	0.5669	328.1448	0.07071389330043036	0	0.0	3.8380956808211137	3.7339956849576756	3.845941513842681	3.934349843662983	0.00743959	0.012218352407217026	0.0786421000957489	498	90	90	60	1.8512594797522144	0.75	2.4000000953674316	2.4000000953674316	2.4000000953674316	19.9493	11.2475	41.1911	15.0	363386.0	6.0	179.0	67.0374	0.6088	142.4072	293.159	272.0	122614.0	84.0	561.0	146.9264	42.44899878348224
sub-38_task-run1_acq-multiband_bold	0.0013688117221999198	0.013356579072661582	1	31.863979827606375	1.0132493009518069	0.9894803210923703	0.5706	304.0193	0.0856133148563053	36	1.4452027298273786	3.9369040102281567	3.7981206824095772	3.9132415111684202	4.099349837106473	0.00711924	0.011476775631308556	0.07663951814174652	2491	90	90	60	1.8728578030823062	0.75	2.4000000953674316	2.4000000953674316	2.4000000953674316	20.0324	12.3822	42.8368	16.0	364086.0	6.0	186.0	70.1411	0.5749	141.1284	291.9988	272.0	121914.0	84.0	556.0	145.232	32.38363195513375
sub-38_task-run2_acq-multiband_bold	0.0005827654516640255	0.0075275808240887485	2	32.003471330792976	1.0165971117367172	0.9977203374385408	0.5735	289.9328	0.08428410147534497	41	3.248811410459588	3.7496859621119785	3.594291523842354	3.766720683657301	3.888045678836279	0.0159593	0.01624458096921444	0.07846260815858841	1262	90	90	60	1.8633255030136884	0.75	2.4000000953674316	2.4000000953674316	2.4000000953674316	17.9193	12.3166	43.3747	16.0	363541.0	6.0	190.0	69.7337	0.6457	139.5361	291.9981	271.0	122459.0	84.0	558.0	145.4383	36.280496964463964
sub-39_task-rest_acq-multiband_bold	0.008323346693386774	0.03425903659318637	1	32.093296300040144	0.8937304077911644	0.8976784084738949	0.5549	316.8751	0.08518646154754501	5	1.002004008016032	3.8871970677588887	3.6360706888488656	3.9357498436073524	4.089770670820448	0.00274407	0.026730142533779144	0.055245354771614075	499	90	90	60	1.8291371635859295	0.75	2.4000000953674316	2.4000000953674316	2.4000000953674316	13.845	11.2458	46.0907	15.0	380211.0	6.0	212.0	78.023	0.9143	141.899	293.5445	275.0	105789.0	70.0	563.0	150.3434	25.718541897833347
sub-39_task-run1_acq-multiband_bold	0.00086580658105939	0.014526652965489566	0	32.846445827892424	1.0209327347571273	0.9841482522962659	0.5531	319.1983	0.08819338964976677	85	3.4109149277688604	3.6611817989621507	3.5343998595555677	3.7276123518779936	3.721533185452891	0.012776	0.03188004717230797	0.05123915895819664	2492	90	90	60	1.8055464619063082	0.75	2.4000000953674316	2.4000000953674316	2.4000000953674316	14.3487	11.1522	46.0743	15.0	380294.0	6.0	214.0	79.098	0.9623	140.4822	291.364	272.0	105706.0	67.0	562.0	150.6462	32.887249482795596
sub-39_task-run2_acq-multiband_bold	0.0006761124307205068	0.011722132882026918	1	34.3032245439303	1.0518776820839941	1.0007299502614886	0.5558	301.2893	0.10001227544485468	56	4.433887569279493	3.611531800935064	3.5082456939281745	3.661116521186967	3.6652331876900517	0.0121267	0.035550739616155624	0.04946092516183853	1263	90	90	60	1.7992868147183354	0.75	2.4000000953674316	2.4000000953674316	2.4000000953674316	14.0344	11.1131	46.9501	15.0	380234.0	6.0	218.0	80.5851	0.9919	138.6709	287.2427	268.0	105766.0	65.0	557.0	148.9472	34.05175721435808
sub-40_task-rest_acq-multiband_bold	0.0011893724696356277	0.013797426538461537	6	34.456726259716056	1.0213193665517246	0.9707285335091276	0.5392	472.7416	0.0843841715277746	6	1.214574898785425	3.427563869543409	3.32911236771296	3.424716530580658	3.5288627103366084	0.00486372	-0.008939467370510101	0.08443384617567062	494	90	90	60	1.927293481762627	0.75	2.4000000953674316	2.4000000953674316	2.3999998569488525	18.8922	9.0817	34.3858	13.0	371396.0	6.0	158.0	61.4885	0.5843	130.8351	294.9283	273.0	114604.0	92.0	558.0	141.6488	32.54552866355516
sub-40_task-run1_acq-multiband_bold	0.001160695058256328	0.014775223672157495	3	33.94198040635855	1.03937869141077	0.9855883235329589	0.5407	455.0508	0.08235017290143037	18	0.7231820008035356	3.4450430356728057	3.3846956988376102	3.4168206975610773	3.5336127106197304	0.00720306	-0.004753227811306715	0.08136861771345139	2489	90	90	60	1.9287024366485896	0.75	2.4000000953674316	2.4000000953674316	2.3999998569488525	18.5259	9.0725	35.4776	13.0	372097.0	6.0	165.0	63.5224	0.5478	131.3607	296.4335	274.0	113903.0	92.0	559.0	142.0638	32.088944979477674
sub-40_task-run2_acq-multiband_bold	0.0009182501979414094	0.010718179247822646	1	33.147205277250436	1.0348717471949302	0.9888918928684632	0.5434	429.0302	0.08539711576968266	12	0.9501187648456056	3.382165258255526	3.3110957017622114	3.3663540328997756	3.4690460401045904	0.00774798	-0.0037978028412908316	0.08042963594198227	1263	90	90	60	1.9143258824618257	0.75	2.4000000953674316	2.4000000953674316	2.3999998569488525	18.2406	8.9895	36.6311	13.0	371491.0	6.0	171.0	65.6047	0.5584	132.0549	296.1783	274.0	114509.0	90.0	561.0	143.1307	35.00777740846388
sub-41_task-rest_acq-multiband_bold	0.0010570599999999999	0.0043259682	0	30.378404670941894	1.058894618316634	1.0095956828857717	0.4996	808.4577	0.07420006015103757	0	0.0	3.379441647957273	3.266295703542403	3.3817040322898215	3.4903252080395943	0.00786101	-0.01413035485893488	0.04470183700323105	500	90	90	60	1.997751596879515	0.75	2.4000000953674316	2.4000000953674316	2.3999998569488525	35.192	6.9267	26.6608	11.0	381719.0	6.0	113.0	47.7543	0.7439	142.0333	319.5301	300.0	104281.0	105.0	594.0	150.1681	44.08956467360258
sub-41_task-run1_acq-multiband_bold	0.0009143057784911718	0.009214065866773676	0	30.007444271557603	1.0413036134323557	1.0013073488358117	0.5011	783.1709	0.07949523255405327	37	1.4847512038523274	3.475744425028322	3.3847998655001375	3.4578873625959017	3.584546046988927	0.00740704	-0.014073225669562817	0.04319898411631584	2492	90	90	60	1.9999106320665845	0.75	2.4000000953674316	2.4000000953674316	2.3999998569488525	38.7279	6.8835	27.5489	11.0	382236.0	6.0	118.0	50.0384	0.766	142.2204	321.1698	301.0	103764.0	107.0	596.0	150.506	37.004899410298094
sub-41_task-run2_acq-multiband_bold	0.001127379255740301	0.004630880197941409	1	29.83562020916008	1.0631656072583193	1.0213350905229794	0.5032	759.6628	0.06684988136762761	1	0.0791765637371338	3.3949444244828286	3.295774869037673	3.417945697516374	3.4711127068944396	0.0126068	-0.013764754869043827	0.044324494898319244	1263	90	90	60	1.9906845966473519	0.75	2.4000000953674316	2.4000000953674316	2.3999998569488525	35.0063	6.8789	28.1131	11.0	382011.0	6.0	122.0	50.814	0.7695	142.5364	320.0939	300.0	103989.0	105.0	595.0	150.7012	43.703376066172495
sub-42_task-rest_acq-multiband_bold	0.0006896599999999999	0.010481741440000001	0	33.73878229803606	1.0084804975350705	0.9758361050701396	0.572	269.5761	0.0866239803921573	0	0.0	3.584644424839271	3.4634623623743708	3.5809540243723386	3.7095168877711027	0.00680161	0.056114595383405685	0.06263494491577148	500	90	90	60	1.9690519365357562	0.75	2.4000000953674316	2.4000000953674316	2.3999998569488525	12.3791	12.1692	45.8769	16.0	372101.0	6.0	218.0	77.6276	0.6145	127.8033	284.0087	266.0	113899.0	89.0	534.0	135.0898	34.8232591599226
sub-42_task-run1_acq-multiband_bold	0.0018833962264150946	0.016609492998795664	1	33.50526887752605	1.0010038524337344	0.9946343394016096	0.5745	249.7742	0.10097276269685493	37	1.4853472501003613	3.688026370729266	3.5286456931175514	3.658204021302699	3.877229397767548	0.00869248	0.05842776224017143	0.0567900724709034	2491	90	90	60	1.9436670842287267	0.75	2.4000000953674316	2.4000000953674316	2.3999998569488525	12.5503	13.13	47.5395	17.0	372264.0	6.0	222.0	79.7767	0.6737	129.9342	285.6616	267.0	113736.0	86.0	539.0	137.3686	31.969142687972635
sub-42_task-run2_acq-multiband_bold	0.00035072842438638163	0.007202241148060173	1	32.21216753867668	1.0234803856814574	1.0038149969572123	0.5769	239.0372	0.07860659789644349	3	0.2375296912114014	3.5305360919216793	3.38685819875168	3.5476081923640495	3.657141884649309	0.0103033	0.0616067610681057	0.056289300322532654	1263	90	90	60	1.9350421867613998	0.75	2.4000000953674316	2.4000000953674316	2.3999998569488525	12.6928	13.0323	48.8725	17.0	372065.0	7.0	228.0	82.0732	0.7535	128.6671	284.6073	266.0	113935.0	85.0	538.0	137.4641	37.58044772804715
sub-43_task-rest_acq-multiband_bold	0.00035338028169014087	0.005254170160965794	3	34.83359826770159	1.0494208183266125	0.9976166765725819	0.5261	484.3435	0.14424026524870073	142	28.571428571428573	3.251869315226768	3.0945707103661415	3.33977486728927	3.321262368024891	0.00464352	-0.012087015435099602	0.04490455985069275	497	90	90	60	2.1638144887717656	0.75	2.4000000953674316	2.4000000953674316	2.4000000953674316	19.2683	8.0633	27.1809	12.0	383647.0	6.0	109.0	39.5918	0.2387	121.6718	275.9298	267.0	102353.0	77.0	489.0	123.3926	39.92448838055134
sub-43_task-run1_acq-multiband_bold	0.0005980971497390607	0.007011826451224408	1	34.81391373381525	1.0644916711686756	1.0112952881204806	0.5274	468.2059	0.15709773454570142	855	34.32356483340024	3.257223481680679	3.104929043287872	3.327041534461914	3.339699867292251	0.0057485	-0.011601834557950497	0.04385321959853172	2491	90	90	60	2.152864476895972	0.75	2.4000000953674316	2.4000000953674316	2.4000000953674316	18.0766	8.0028	27.7415	12.0	383823.0	6.0	112.0	40.3595	0.2512	122.4418	277.3102	268.0	102177.0	76.0	493.0	124.4847	38.02071647788398
sub-43_task-run2_acq-multiband_bold	0.00023744259699129056	0.006008595447347585	1	35.18569015886693	1.0402733163470692	0.9920598280269407	0.5306	438.0234	0.1540525151741772	407	32.22486144101346	3.242935982248413	3.099774876826013	3.320366534727155	3.308666535192071	0.00672402	-0.013336551375687122	0.045094460248947144	1263	90	90	60	2.109750828305502	0.75	2.4000000953674316	2.4000000953674316	2.4000000953674316	18.0158	9.1386	28.8862	13.0	383391.0	6.0	117.0	41.9676	0.2935	124.0456	278.1438	268.0	102609.0	72.0	498.0	127.0286	39.156628627330065
