trans_x	trans_y	trans_z	rot_x	rot_y	rot_z	dvars_std	dvars_nstd	dvars_vstd	framewise_displacement	aqi	aor
0.0	-0.0	0.0	-0.0	0.0	-0.0	n/a	n/a	n/a	n/a	0.0178678	0.00782
-0.0004	0.0045	0.0353	-1.7453292519943296e-05	-1.7453292519943294e-06	0.00014486232791552936	1.07530308	31.92941666	1.02055828	0.04840304748437335	0.0176315	0.00599
0.0086	0.0528	0.0657	-0.00015184364492350666	-0.00011519173063162575	0.00010821041362364843	1.04271221	30.96168518	0.99987615	0.10192443340375376	0.0165855	0.00536
0.0174	0.1038	0.0714	-0.00017278759594743863	-0.0003473205211468716	3.839724354387525e-05	1.01420176	30.1151123	0.99269618	0.08164429558094757	0.015802	0.00504
0.0104	0.0303	0.033	-0.00014137166941154068	-0.00014311699866353502	5.93411945678072e-05	1.04953694	31.16433334	1.02136348	0.1317281700021583	0.0168983	0.0049
0.0063	0.0014	0.0513	-0.00012042771838760874	-0.00017976891295541595	0.00027925268031909274	0.99860692	29.65204811	0.9864552	0.06517536755335492	0.0171595	0.00519
0.0107	0.0504	0.054	-0.00012042771838760874	-0.0002181661564992912	0.0003822271061867582	1.02744043	30.50821114	0.99456873	0.06316858347057704	0.016666	0.00516
0.0245	0.1024	0.0727	-0.00011344640137963142	-0.0005288347633542819	0.00014311699866353502	1.05074179	31.20011139	1.01446141	0.1123380015693096	0.0157552	0.00535
0.0201	0.0489	0.0408	9.250245035569947e-05	-0.0004310963252425994	7.330382858376184e-05	1.02406108	30.40786743	1.00655575	0.10847502299633932	0.0158424	0.00361
0.014	-0.008	0.0442	0.00015009831567151235	-0.00032637657012293966	0.00024609142453120044	1.03224123	30.65076637	1.00577085	0.08315516081914556	0.016537	0.0039
0.0157	0.0296	0.0607	0.00015184364492350666	-0.00046949356878647465	0.0003665191429188092	1.0229882	30.37601089	0.99590075	0.0690645023151569	0.0159246	0.00396
0.0192	0.0901	0.1001	9.948376736367679e-05	-0.0006736970912698113	0.00024085543677521747	1.07336104	31.87175179	1.03155352	0.1225113553093379	0.0145809	0.00491
0.021	0.0796	0.0762	0.00019198621771937622	-0.0005166174585903216	0.0002443460952792061	0.9951703	29.55000305	0.99344497	0.04885363707695888	0.0153883	0.00421
0.0173	-0.0388	0.059	0.0006387905062299246	-0.00037350045992678646	0.0003630284844148205	1.1307714	33.57646179	1.08031962	0.1747301838154849	0.0156173	0.00399
0.0154	0.0107	0.0723	0.0006946410422937432	-0.0004136430327226561	0.00039269908169872416	1.02715075	30.4996109	0.99880239	0.0709831853071796	0.0145728	0.0033
0.0288	0.063	0.0787	0.0005707226654021458	-0.0006492624817418905	0.0002722713633111154	1.08215094	32.13275528	1.01655701	0.09609827721492202	0.0143851	0.00361
0.0278	0.0381	0.0585	0.0005358160803622592	-0.0006073745796940267	0.00035430183815484887	1.00431311	29.82148361	0.98972076	0.05404124809657419	0.0145915	0.00341
0.0236	-0.024	0.0402	0.000736528944341607	-0.0003822271061867582	0.0005707226654021458	1.0360173	30.76288986	1.00739543	0.11671405823669569	0.0156227	0.00363
0.0214	0.0322	0.0504	0.0006597344572538566	-0.0003944444109507184	0.000645771823237902	1.03960133	30.86931038	1.00056315	0.07680304748437333	0.0160363	0.00356
0.0335	0.0655	0.073	0.0005951572749300663	-0.0005480333851262194	0.0005323254218582705	1.0131011	30.08242798	0.98591073	0.08458062789394614	0.0143352	0.00342
0.0303	0.0584	0.0557	0.0005759586531581287	-0.0005044001538263612	0.0004014257279586958	0.98772579	29.32894897	0.97432805	0.03728657734856852	0.014765	0.00299
0.0182	-0.0148	0.0361	0.0008482300164692441	-0.0003211405823669566	0.0004206243497306334	1.03125536	30.62149048	1.00985115	0.12863647782712287	0.0148283	0.00276
0.0188	0.0304	0.0531	0.0008412486994612669	-0.00038571776469074686	0.00038571776469074686	0.99128306	29.43457794	0.97973117	0.06812325421858272	0.0141738	0.00264
0.0169	0.0997	0.0898	0.000593411945678072	-0.0007696902001294993	0.00038048177693476387	1.08241463	32.14058304	1.03247083	0.13975225884889653	0.0134327	0.00297
0.019	0.0439	0.0567	0.0008482300164692441	-0.00045902159327450867	0.0005148721293383271	1.03749239	30.80669022	1.01523807	0.1259938515024863	0.0141526	0.00235
0.019	-0.0175	0.0477	0.001064650843716541	-0.0004049163864626844	0.0005585053606381855	1.02563584	30.4546299	1.00565773	0.08610796326794899	0.0144867	0.00252
0.021	0.0455	0.0518	0.0009843656981248017	-0.0004886921905584122	0.0005340707511102648	1.04268992	30.96102333	1.00242741	0.07852477796076937	0.0139977	0.00215
0.0203	0.0982	0.0695	0.0007557275661135446	-0.0007609635538695277	0.0004049163864626844	1.03040659	30.59628868	1.00230798	0.10260319299849764	0.0136092	0.00219
0.0209	0.0095	0.0154	0.0012060225131280816	-0.0004049163864626844	0.00039269908169872416	1.0922029	32.43123245	1.05154975	0.18432797095926703	0.0141453	0.00215
0.0208	-0.0126	0.0171	0.0010943214410004448	-0.0002652900463031381	0.000619591884457987	0.98037821	29.11077499	0.97561659	0.047811010752322296	0.0152864	0.00261
0.0292	0.0703	0.0292	0.0009896016858807848	-0.0005253441048502931	0.000466002910282486	1.07231343	31.84064674	1.03129622	0.1293181393921158	0.0138071	0.00251
0.0338	0.0859	0.0381	0.001270599695451872	-0.0005427973973702365	0.0003944444109507184	0.98183858	29.15413857	0.97828751	0.0476004900711399	0.0132061	0.00183
0.0289	-0.0211	-0.0054	0.0013927727430914749	-0.000291469985083053	0.0004485496177625427	1.10615146	32.84541321	1.06138384	0.17678028333693052	0.0146316	0.00224
0.0256	-0.0081	0.0144	0.0011571532940722405	-0.0003001966313430247	0.000614355896702004	0.96170282	28.55623817	0.97022879	0.056607618710933366	0.0147495	0.00257
0.0328	0.0444	0.0236	0.0011257373675363424	-0.00046425758103049166	0.0006894050545377602	1.04513812	31.03371811	0.99867377	0.08242630170295606	0.0143343	0.0027
0.0391	0.0854	0.0351	0.0009407324668249436	-0.0006649704450098395	0.0006265732014659643	1.01533341	30.14871407	0.98612073	0.08122748088812713	0.0139244	0.00263
0.0373	0.0165	0.0014	0.0011501719770642632	-0.0004136430327226561	0.0005393067388662478	1.03060532	30.60218811	1.00888095	0.13180166925631098	0.0145742	0.00269
0.0263	-0.0171	0.0047	0.0012880529879718153	-0.00042236967898262774	0.0005340707511102648	1.04381633	30.99446869	0.99431197	0.05549218224617534	0.0149536	0.00239
0.0339	0.0343	0.0281	0.0012269664641520136	-0.0005707226654021458	0.0005689773361501514	1.03028166	30.59257698	1.00030622	0.09461730476396032	0.0142243	0.00221
0.0349	0.0913	0.0621	0.0009232791743050004	-0.0006928957130417488	0.0004939281783143952	1.04291618	30.96773911	1.01220305	0.11704547476611864	0.013147	0.0023
0.0238	0.022	0.0047	0.001129228026040331	-0.000609119908946021	0.0005113814708343385	1.0467329	31.08107185	1.02886066	0.15315889741755007	0.0140893	0.0021
0.0146	-0.0141	-0.008	0.0015550883635269475	-0.0007941248096574199	0.0005881759579220891	1.0122093	30.05594826	1.00096807	0.0923829862642883	0.0138193	0.00189
0.0099	0.0561	0.026	0.0013683381335635543	-0.0008813912722571365	0.0005375614096142535	1.09543145	32.52709961	1.03364791	0.12513156204354728	0.0125678	0.00163
0.0277	0.1001	0.0225	0.0012199851471440364	-0.0009197885158010115	0.0004520402762665313	1.05523264	31.33345795	1.00624587	0.07891356816555574	0.012889	0.00192
0.0261	0.0133	-0.0119	0.0013735741213195373	-0.0006859143960337716	0.0005480333851262194	1.08804119	32.30765533	1.03414993	0.14697281014012145	0.0139692	0.00207
0.0217	-0.0017	0.015	0.001556833692778942	-0.0006754424205218055	0.0007487462491055673	1.05675685	31.37871742	1.00589402	0.06602222054753593	0.0138296	0.00199
0.0208	0.0277	0.0392	0.001614429558094755	-0.000635299847725936	0.0007714355293814937	1.02633882	30.47550201	0.98927404	0.06052138591938044	0.0124025	0.00177
0.0303	0.0667	0.0633	0.001446877949903299	-0.000778416846389471	0.0005951572749300663	1.01027131	29.99840164	0.99419928	0.09694734306532089	0.0120296	0.00187
0.0291	0.0528	0.0495	0.0015271630954950383	-0.0007906341511534313	0.0005445427266222308	0.99231154	29.4651165	0.99112326	0.03605584993317674	0.0124928	0.00168
0.0208	-0.0128	0.0297	0.0018029251173101424	-0.0006946410422937432	0.0007941248096574199	1.05147994	31.22202682	1.02571662	0.12476686068549905	0.0127875	0.00162
0.0196	0.0106	0.0205	0.001839577031602023	-0.0007155849933176752	0.0010105456369047167	1.00410044	29.81517029	0.9827171	0.04750083462815547	0.012749	0.00187
0.0192	0.0558	0.0335	0.0018832102629018814	-0.000853466004225227	0.000726056968829641	1.06468499	31.61413002	1.00838902	0.08190014551412429	0.0119098	0.00145
0.0266	0.0769	0.0297	0.001726130630222392	-0.0009442231253289323	0.0005724679946541401	1.05719805	31.39181709	1.00450659	0.052371286397934765	0.0127997	0.00135
0.0267	-0.0075	-0.0119	0.0021519909677090087	-0.0006876597252857658	0.0005061454830783556	1.09224391	32.43244934	1.04543488	0.16353731245527836	0.0123581	0.00145
0.0195	0.002	-0.007	0.0022479840765686964	-0.0006702064327658224	0.0005637413483941684	0.9873302	29.31720352	0.9757233	0.030152113334772197	0.0119176	0.00154
0.0193	0.0378	0.0084	0.00222529479629277	-0.000731292956585624	0.0006178465552059926	1.0002141	29.69976997	0.97614434	0.05829405054537761	0.0117298	0.00126
0.0271	0.0914	0.0396	0.0019949113350295183	-0.0009424777960769379	0.0005742133239061344	1.06797314	31.7117672	1.01820306	0.1168600766027212	0.0110691	0.00115
0.0239	0.0561	0.0083	0.002256710722828668	-0.0008272860654453122	0.0003612831551628262	1.01844585	30.24113464	1.00201434	0.09929606435870418	0.0108899	0.00083
0.011	-0.0094	-0.0217	0.0026110125609835172	-0.0006021385919380437	0.0003612831551628262	1.05959368	31.46295357	1.01985686	0.13737246558310587	0.0115107	0.00086
0.0053	0.039	-0.0199	0.0026965336943312393	-0.0006510078109938849	0.0002565634000431664	1.08649957	32.26187897	1.01058747	0.06785550537616115	0.0111321	0.00093
0.0049	0.087	-0.0028	0.0024975661596038853	-0.0008779006137531476	0.00013264502315156904	1.03699803	30.79200935	0.99785209	0.0929889357189107	0.0101324	0.00056
0.0033	0.0375	-0.0216	0.0026773350725593018	-0.0007941248096574199	0.0001605702911834783	0.99554318	29.56107521	0.98308114	0.08447349925415265	0.0101089	0.00057
0.0007	-0.002	-0.0214	0.0027593655474030345	-0.0007120943348136865	0.00017278759594743863	0.97164547	28.85147095	0.97133651	0.05111391272257133	0.0106663	0.0007
0.0041	0.0257	-0.0038	0.002537708732399755	-0.0007278022980816354	0.0002199114857512855	0.97917432	29.07502747	0.97254072	0.06292443340375377	0.0107653	0.00072
0.0052	0.0462	-0.0047	0.002804744107954888	-0.000853466004225227	0.00015707963267948963	1.03978562	30.87478447	0.99967418	0.04527654673852603	0.0100935	0.00047
0.0097	0.083	0.0172	0.0025481807079117207	-0.0010663961729685354	9.250245035569947e-05	1.06417072	31.59886169	1.01124006	0.0899035375555133	0.00972104	0.00064
0.0045	0.0375	-0.0091	0.0028012534494508993	-0.0010122909661567112	4.363323129985824e-05	1.05985272	31.4706459	1.01262487	0.0948023583703422	0.00962943	0.00048
-0.002	0.0093	-0.0022	0.0028815385950426383	-0.0009564404300928925	0.000158824961931484	1.02170706	30.33796883	0.99091181	0.054166370614359166	0.00997728	0.00058
-0.0091	0.0294	0.0119	0.0030229102644541784	-0.0010978120995044332	6.806784082777885e-05	1.01031566	29.99972153	0.98655273	0.0599750229963393	0.00866973	0.00035
-0.007	0.0612	0.02	0.003033382239966145	-0.001155407964820246	-0.00010995574287564276	0.99706608	29.60629463	0.97623248	0.05430457122656005	0.00840539	0.00037
-0.0049	0.0982	0.0218	0.0027523842303950577	-0.0011082840750163993	-0.00017278759594743863	1.03278863	30.6670208	0.99805704	0.06044768762233648	0.00853562	0.00057
-0.0069	0.0125	-0.0084	0.002963569069886372	-0.0008936085770210966	-0.00022863813201125715	1.09328508	32.46336365	1.03807137	0.14198554367752175	0.00963473	0.0005
-0.0081	0.0047	-0.0062	0.0029880036794142917	-0.0009145525280450286	-0.000158824961931484	1.01351762	30.09479713	0.98098586	0.016959586531581243	0.00948817	0.00064
-0.0037	0.029	0.0018	0.002892010570554604	-0.0010157816246606998	-8.901179185171081e-05	1.04305685	30.9719162	0.99120769	0.050051768777756606	0.00936353	0.00059
0.0003	0.0797	0.0282	0.0026930430358272505	-0.0011798425743481666	-5.759586531581287e-05	1.04981363	31.17254829	1.00339618	0.1008222205475359	0.00848311	0.00058
-0.005	0.0415	0.0019	0.0027768188399229783	-0.0010314895879286487	-0.0001256637061435917	0.98864746	29.35631752	0.98180752	0.08480983156715122	0.00871259	0.00054
-0.0061	-0.0113	0.0001	0.0029565877528783943	-0.0010262536001726657	-3.4906585039886588e-06	0.9940688	29.51729584	0.98686804	0.0710588974175501	0.00924438	0.0007
-0.0045	0.026	-0.0014	0.002892010570554604	-0.0010506882097005862	3.665191429188092e-05	1.01904356	30.25888252	0.99162625	0.04685771823237903	0.00931305	0.00048
-0.0027	0.0537	0.0138	0.0028221974004748306	-0.0012164944886400475	-0.00017976891295541595	1.06610668	31.65634537	1.01140256	0.06730201381332657	0.00861478	0.00059
-0.0077	0.0505	0.0275	0.002633701841259443	-0.0014014993893514465	-0.00017104226669544429	1.04758191	31.10628128	1.01005601	0.0410113553093379	0.00830013	0.0004
-0.0084	-0.0321	-0.0072	0.002846632010002751	-0.0011571532940722405	-7.330382858376184e-05	1.09651923	32.55939865	1.04581107	0.14575073510670983	0.00978255	0.00057
-0.01	0.0042	0.0066	0.0027558748888990466	-0.0012322024519079964	1.9198621771937625e-05	1.0095371	29.97660065	0.98245431	0.06461543646475801	0.00896204	0.00047
-0.0048	0.0363	0.0164	0.002820452071222836	-0.0012793263417118436	-0.0001012290966156711	0.98980117	29.39057541	0.9771389	0.05870643952576227	0.00838578	0.00045
-0.004	0.0917	0.0473	0.0026808257310632897	-0.0016057029118347831	-0.0004258603374866164	1.00690734	29.89851379	0.99786513	0.12663170755767156	0.00789094	0.00038
-0.0114	0.0212	0.0091	0.0030246555937061734	-0.0015184364492350666	-0.0006335545184739417	1.02605247	30.46699905	1.01935303	0.14803952531149628	0.00755566	0.00023
-0.0238	0.0103	0.0098	0.0032724923474893677	-0.001429424657383356	-0.0005654866776461627	0.9762938	28.98949432	0.97761132	0.04424581932313419	0.00733721	0.00033
-0.0229	0.0367	0.0093	0.0033999013828849537	-0.0014643312424232424	-0.0005218534463463045	1.00007653	29.69568443	0.97818738	0.038097442586766526	0.00722516	0.00024
-0.0172	0.0915	0.0407	0.0031014500807939236	-0.0017086773377024485	-0.0006928957130417488	1.0715729	31.81865501	1.01804947	0.12759198320328402	0.00739545	0.00028
-0.0299	0.0403	0.0139	0.003378957431861022	-0.0016301375213627037	-0.0009093165402890458	1.02264893	30.36593628	1.00316552	0.119323399732707	0.00668502	0.00021
-0.0334	-0.0146	-0.0082	0.0037646751965517687	-0.0014974924982111347	-0.0009843656981248017	1.05208051	31.23986053	1.00710387	0.1101705972839036	0.00767255	0.00024
-0.0327	0.0296	0.0024	0.0037227872945039047	-0.0015062191444711063	-0.0008674286382411819	1.02316439	30.38124275	0.98567339	0.06387758040957278	0.00661153	0.00025
-0.0292	0.0636	0.048	0.003522074430524557	-0.0016493361431346415	-0.0009756390518648303	1.0403899	30.8927269	1.00500675	0.10570201381332656	0.00639492	0.00013
-0.029	0.084	0.0858	0.0033527774930811067	-0.0016667894356545846	-0.0011431906600562858	1.01247096	30.06371689	0.99946742	0.07611509190774243	0.00600153	0.00015
-0.0328	-0.001	0.0222	0.003871140280923423	-0.0014660765716752368	-0.0012060225131280816	1.10617566	32.84613037	1.06470633	0.19149537524467297	0.00595158	0.0002
-0.0431	-0.0004	0.0331	0.0038467056713955023	-0.0015341444125030156	-0.00124965574442794	0.98834348	29.34729004	0.97363068	0.02860678408277788	0.0057916	9e-05
-0.051	0.0448	0.038	0.00364424747816416	-0.0016772614111665507	-0.0014870205226991688	1.05061197	31.19625664	0.995572	0.08714699850830529	0.00568825	0.00019
-0.0424	0.1055	0.0492	0.0029618237406343773	-0.001637118838370681	-0.0014590952546672592	1.06771803	31.70419312	1.01657747	0.11802457891787808	0.00682378	0.00015
-0.0398	0.0029	0.014	0.003127630019573839	-0.001514945790731078	-0.001322959573011702	1.11326551	33.05665207	1.05307165	0.16160575041173103	0.00681943	0.00015
-0.0435	-0.0053	0.0289	0.003160791275361731	-0.001583013631558857	-0.0011449359893082802	0.99011099	29.39977455	0.97254584	0.04076263401595463	0.00664157	0.00016
-0.0432	0.0391	0.0439	0.0031328660073298214	-0.0017034413499464657	-0.0011955505376161158	0.99980271	29.68755531	0.98446802	0.06964837673636769	0.00595689	0.00012
-0.0412	0.0914	0.0624	0.0029408797896104456	-0.0019949113350295183	-0.001403244718603441	0.9915517	29.44255447	0.98153403	0.10735751918948766	0.00601941	5e-05
-0.0434	0.0319	0.039	0.0031031954100459182	-0.0019233528356977512	-0.0015132004614790836	1.00328994	29.79110146	0.99706339	0.10229149313214413	0.00591475	0.00013
-0.0482	0.0058	0.0264	0.0032044245066615894	-0.0017837264955382047	-0.0015289084247470327	0.97457999	28.93860626	0.97374208	0.05632817000215833	0.00613892	0.00012
-0.0595	0.0232	0.034	0.003309144261781249	-0.0020420352248333657	-0.0016458454846306526	0.99681145	29.5987339	0.97894481	0.06029827721492202	0.00556558	0.00014
-0.054	0.0765	0.045	0.00322885911618951	-0.0023509585024363614	-0.0017959438003021652	1.0447166	31.02120209	0.99773129	0.09676533694331235	0.00555223	0.00011
-0.063	0.0804	0.0429	0.003035127569218139	-0.002562143341927676	-0.001970476725501598	0.99519455	29.55072212	0.97781195	0.04397246558310593	0.00557899	0.0001
-0.0712	-0.0134	0.0049	0.0033545228223331013	-0.002371902453460294	-0.002090904443889207	1.07804525	32.01084137	1.03376854	0.17150319299849764	0.00667006	0.00014
-0.0835	0.0086	0.0095	0.0035081117965086025	-0.002562143341927676	-0.00204378055408536	0.98740494	29.31942177	0.97336605	0.058447687622336514	0.00571609	0.00027
-0.0811	0.0635	0.0193	0.0034609879067047556	-0.0027995081201989047	-0.002235766771804736	1.01044357	30.00351906	0.99064214	0.0909237442897226	0.00525123	0.00024
-0.0813	0.1003	0.0369	0.003077015471266003	-0.003026400922958167	-0.002385865087476248	0.96184385	28.56042671	0.96978368	0.09264817769347633	0.00581634	0.00016
-0.0805	0.015	0.0012	0.0033353242005611634	-0.002958333082130389	-0.002542944720155738	1.01988792	30.28395271	1.00681858	0.14597281014012142	0.00584793	0.0002
-0.089	-0.0168	-0.001	0.003480186528476693	-0.0029408797896104456	-0.0025464353786597265	0.94274104	27.99319839	0.9602638	0.050790313946973066	0.00655162	0.00033
-0.0904	0.0375	0.0208	0.003443534614184812	-0.003082251459021986	-0.0025062928058638572	1.02111113	30.32027435	0.99751787	0.08840830782496453	0.00560462	0.00019
-0.0835	0.0917	0.0807	0.0029321531433504737	-0.0035395277230445004	-0.002583087292951608	1.083915	32.18513489	1.04288	0.17327261109723016	0.00606674	0.00029
-0.0845	0.0368	0.0193	0.0031014500807939236	-0.003003711642682241	-0.002567379329683659	1.06698978	31.6825695	1.04356139	0.15334104905368287	0.00587642	0.0001
-0.0926	-0.017	0.0302	0.0032218777991815323	-0.0028763026072866553	-0.0023649211364523163	1.01936686	30.2684803	1.003742	0.09531474735072688	0.00606579	0.00015
-0.0921	0.0231	0.0487	0.0032829643230013338	-0.0028710666195306722	-0.002281145332356589	1.05171072	31.22887993	0.98806544	0.0666049157835756	0.0062201	0.00016
-0.0772	0.0728	0.0812	0.00312413936106985	-0.0031031954100459182	-0.0023073252711365037	1.06666923	31.67304993	1.01259837	0.11795668456133222	0.00594372	0.00022
-0.0766	0.0685	0.0802	0.003005456971934235	-0.003077015471266003	-0.0022654373690886398	1.00811064	29.93424606	0.97621791	0.015237511498169704	0.00566125	0.00012
-0.0756	-0.0105	0.0488	0.003214896482173555	-0.0027157323161031764	-0.002143264321449037	1.05571806	31.34787178	1.0209998	0.14604478565208748	0.00631297	0.00015
-0.0812	0.012	0.0608	0.003270747018237374	-0.0027960174616949163	-0.002015855286053451	1.00766075	29.92088509	0.97894031	0.053277235852557225	0.00563371	0.00026
-0.0818	0.047	0.07	0.0032794736644973454	-0.0028675759610266834	-0.002057743188101315	1.06507599	31.62574005	1.00083459	0.05090865238198014	0.00537473	0.00021
-0.074	0.0934	0.0897	0.002963569069886372	-0.003008947630438224	-0.002139773662945048	1.05763543	31.40480614	1.00385103	0.10086533694331234	0.00622779	0.00021
-0.0738	0.0489	0.0674	0.00312413936106985	-0.003010692959690218	-0.0022148228207808044	1.03239369	30.65529251	1.0013155	0.07886823891356144	0.00597471	0.00022
-0.0804	-0.0031	0.0518	0.0033702307856010505	-0.002829178717482808	-0.002176425577236929	1.04255736	30.95708466	1.00100524	0.09750014551412428	0.00556028	0.0001
-0.088	0.0466	0.0708	0.003387684078120994	-0.00294262511886244	-0.002165953601724963	1.00227094	29.76084518	0.97806817	0.08336858347057707	0.00507826	0.00016
-0.0829	0.0952	0.1034	0.0031974431896536117	-0.00314857397059777	-0.0022148228207808044	1.00903988	29.96183777	0.99468863	0.10855294796292768	0.00595748	0.00024
-0.0837	0.0893	0.0861	0.003160791275361731	-0.003118903373313867	-0.0022497294058206906	0.97733051	29.02027893	0.97973964	0.02906145483078352	0.00545114	0.00016
-0.0842	0.0033	0.0492	0.003565707661824415	-0.0028675759610266834	-0.0022916173078685546	1.05072272	31.199543	1.02053321	0.1583065850398866	0.00541896	0.0002
-0.0946	0.0217	0.0591	0.003555235686312449	-0.0029269171555944902	-0.0024172810140121463	0.96507192	28.65627861	0.96509023	0.04847384381116824	0.00528562	0.00016
-0.0913	0.0581	0.0685	0.0036477381366681488	-0.0031049407392979124	-0.0024556782575560214	1.01193619	30.04784012	0.9899676	0.06454616388014986	0.00489324	0.00022
-0.0945	0.1082	0.0948	0.0033248522250491977	-0.0033580134808370897	-0.002570869988187647	1.02070224	30.30813408	1.00139453	0.1141575191894877	0.00533104	0.00038
-0.0956	0.0128	0.0447	0.0035081117965086025	-0.0029740410453983376	-0.0026145032194875057	1.09075546	32.38825226	1.04495651	0.17714326190990076	0.00513196	0.00017
-0.0997	0.0278	0.0487	0.0036896260387160127	-0.0029199358385865134	-0.002713986986851182	1.00939739	29.97245216	0.99719764	0.03985516081914554	0.00536633	0.00045
-0.1175	0.0425	0.0434	0.004105014400690663	-0.0030944687637859463	-0.003186971214141646	1.06592059	31.65082169	1.04849726	0.09094527572322733	0.005651	0.00122
-0.1137	0.0157	0.0567	0.0035203291012725624	-0.0029530970943744054	-0.0029548424236264	1.07189703	31.8282814	1.04678881	0.09180928796724436	0.00603551	0.00029
-0.1318	0.0404	0.0381	0.0043214352279379595	-0.00324107642095347	-0.0032602750427254074	1.16196418	34.50268173	1.10682775	0.13112590361717344	0.00657994	0.0023
-0.1411	0.0047	0.0315	0.004181808887778414	-0.003598868917612307	-0.0037315139407638766	1.22768342	36.45410919	1.14500173	0.1000328867428426	0.00674969	0.00091
-0.1304	0.025	0.054	0.0036582101121801144	-0.0038222710618675813	-0.0033231068957972035	1.0700506	31.77345467	1.04253148	0.11127039824101234	0.00644487	0.00032
-0.1168	0.0765	0.1134	0.00334579617607313	-0.004194026192542374	-0.0031433379828417875	1.02991652	30.58173561	1.02191374	0.16769689898685966	0.00616628	0.00071
-0.122	0.017	0.0533	0.003427826650916863	-0.0036948620264719957	-0.0030927234345339517	1.04630351	31.06832123	1.0345945	0.1563904594610974	0.00578606	0.00036
-0.1301	-0.0069	0.0715	0.003270747018237374	-0.003570943649580398	-0.0029164451800825246	0.99464381	29.53436852	0.98828395	0.07306381320112569	0.00655258	0.0005
-0.1346	0.0617	0.0812	0.0034452799434368064	-0.003558726344816438	-0.0029705503868943488	1.04898047	31.14780998	1.00602948	0.09484277183876083	0.0061155	0.00049
-0.1327	0.1	0.1229	0.0033684854563490563	-0.004049163864626845	-0.003160791275361731	1.03882408	30.84623146	1.01620419	0.11977364476827694	0.00707078	0.00123
-0.1335	0.031	0.064	0.0034348079679248403	-0.0036215581978882336	-0.0030560715202420713	1.09586954	32.54010773	1.05428559	0.15863239667170273	0.00640023	0.00046
-0.137	0.0168	0.0684	0.0034243359924128747	-0.003581415625092364	-0.0028099800957108703	1.01925111	30.26504326	0.9895707	0.036935298641951816	0.00596136	0.00026
-0.1319	0.0746	0.0854	0.0030752701420140084	-0.003680899392456041	-0.003003711642682241	0.99539721	29.55673981	0.9852216	0.11201405823669572	0.00621307	0.0004
-0.1299	0.0858	0.1099	0.0027279496208671367	-0.0037210419652519105	-0.002946115777366428	1.01526082	30.14655685	1.00974756	0.059952947962927695	0.00690997	0.00075
-0.1081	0.009	0.0296	0.00308399678827398	-0.0032969269570172887	-0.0025499260371637153	1.16393805	34.56129456	1.10414217	0.23771759579220889	0.00638074	0.00028
-0.1078	0.0308	0.0576	0.003035127569218139	-0.003153809958353753	-0.0024068090385001802	1.02412057	30.40963554	0.99276614	0.06685516081914555	0.00584531	0.00023
-0.1069	0.0769	0.069	0.0031049407392979124	-0.00334579617607313	-0.002569124658935653	1.03227246	30.65169144	0.99639019	0.07960575041173115	0.00569153	0.00017
-0.1103	0.1029	0.0809	0.002893755899806598	-0.0036093408931242737	-0.0027611108766550296	1.01342463	30.09203529	0.99128446	0.07463578871309175	0.00605804	0.00032
-0.1104	0.0059	0.0457	0.0034766958699727043	-0.0033946653951289706	-0.002647664475275398	1.07780814	32.00380325	1.03511682	0.17785309347705203	0.00558019	0.00015
-0.1188	0.021	0.0593	0.0035901422713523357	-0.0033807027611130165	-0.0025865779514555962	0.99228156	29.46422577	0.97464306	0.04652477796076938	0.00548065	0.00022
-0.1178	0.0533	0.081	0.0034627332359567498	-0.0034348079679248403	-0.0026790804018112955	0.9863593	29.28837395	0.97593207	0.06870083462815546	0.00545812	0.00032
-0.1153	0.1096	0.1002	0.0032637657012293962	-0.0037995817815916558	-0.002885029253546627	1.0069406	29.8995018	0.99579958	0.11648451000647504	0.00573492	0.00046
-0.1192	0.064	0.0821	0.0033196162372932147	-0.003715805977495928	-0.0030229102644541784	0.96899724	28.77283478	0.97668624	0.08147536755335488	0.00551718	0.00034
-0.1132	-0.013	0.0456	0.003750712562535814	-0.003220132469929538	-0.0029827676916583086	1.03473592	30.72484016	1.01890288	0.16784562028024297	0.00540823	0.00014
-0.1169	0.0192	0.0543	0.0037192966359999168	-0.0030909781052819575	-0.0030281462522101614	0.98030818	29.10869598	0.97738788	0.05489744258676654	0.00484204	0.00021
-0.1194	0.0378	0.0662	0.0038833575856873836	-0.003270747018237374	-0.00312413936106985	0.99390388	29.51239777	0.9789945	0.05499114857512859	0.00479656	0.00015
-0.1189	0.0871	0.0775	0.003728023282259888	-0.0035412730522964946	-0.003242821750205464	1.04217887	30.94584846	1.00393709	0.08832713633111151	0.00515789	0.00028
-0.132	0.018	0.0354	0.003904301536711315	-0.0031922072018976287	-0.0033440508468211352	1.03529251	30.74136734	1.01133375	0.15562866007329815	0.0047999	0.00015
-0.1369	-0.0107	0.0197	0.004091051766674708	-0.002806489437206882	-0.0031363566658338103	1.00613284	29.87551689	0.98582056	0.08830810878207324	0.00516766	0.00011
-0.1348	0.0186	0.0292	0.004098033083682686	-0.0028326693759867967	-0.0030647981665020423	0.99181908	29.45049286	0.97660294	0.046135987755983016	0.00608408	0.00016
-0.1302	0.0765	0.0492	0.003991567999311032	-0.0031817352263856626	-0.003178244567881674	1.02511775	30.43924522	0.99590482	0.11094886680750755	0.00474167	0.00024
-0.1371	0.0583	0.041	0.004084070449666731	-0.0032463124087094525	-0.003186971214141646	0.95138073	28.2497406	0.95803532	0.041590313946973045	0.0047918	0.00011
-0.1388	-0.0161	-0.0078	0.0045588000062091886	-0.0029077185338225527	-0.003239331091701475	1.05050302	31.19301796	1.02091901	0.16818416544945933	0.0047273	9e-05
-0.1443	0.0059	-0.008	0.004598942579005058	-0.0029024825460665696	-0.0031468286413457764	0.94028115	27.92015648	0.95248234	0.034594050545377585	0.004592	0.00011
-0.1411	0.0468	0.0013	0.00445058959258554	-0.0028885199120506156	-0.0031381019950858045	0.98322761	29.19538307	0.97670701	0.061952113334772206	0.0043425	0.00015
-0.1315	0.0995	0.0324	0.004429645641561609	-0.0031119220563058892	-0.0031363566658338103	1.07429051	31.89935112	1.01516696	0.10570457122655993	0.00433505	0.0002
-0.1229	0.0694	0.0227	0.004523893421169302	-0.0029914943379182805	-0.003003711642682241	1.01860023	30.245718	0.99673477	0.06576602605734358	0.00383717	0.00011
-0.1276	-0.0163	-0.0193	0.004738568919164605	-0.0026249751949994717	-0.0031119220563058892	1.08453774	32.20362854	1.0443389	0.166870252726888	0.00451159	0.00013
-0.1315	0.0174	0.0013	0.0044156830075456534	-0.0025883232807075904	-0.0029618237406343773	1.05668426	31.37656212	0.99369433	0.08368180707911725	0.00492191	0.00012
-0.1264	0.0566	0.0081	0.004536110725933263	-0.0026755897433073067	-0.002930407814098479	1.02157676	30.33409882	0.98091435	0.06305550537616117	0.00402349	9e-05
-0.126	0.1186	0.0202	0.004525638750421296	-0.002811725424962865	-0.0029478611066184224	1.01004457	29.99167061	0.98128983	0.08270304748437345	0.00394773	0.0001
-0.1247	0.026	-0.0215	0.004808382089244378	-0.0025569073541716926	-0.002846632010002751	1.05366468	31.28689957	1.0206978	0.16753952531149627	0.0039978	0.00014
-0.1284	-0.0151	-0.0373	0.004815363406252355	-0.0023509585024363614	-0.0028152160834668534	0.98360813	29.20668221	0.97986311	0.07281730476396027	0.00509727	0.00023
-0.1255	0.0315	-0.0379	0.004858996637552213	-0.002408554367752175	-0.00272096830385916	1.02752423	30.51070023	0.99236071	0.05987384381116825	0.00434268	0.00015
-0.1192	0.0926	0.0012	0.0045588000062091886	-0.0026895523773232616	-0.002790781473938933	1.06430161	31.60274696	1.0121545	0.1390503905496942	0.0040471	5e-05
-0.1209	0.0439	-0.0189	0.004630358505540956	-0.002569124658935653	-0.002825688058978819	1.00521302	29.84820366	0.98954305	0.08184464013796312	0.00408751	8e-05
-0.1262	0.01	-0.0447	0.004886921905584123	-0.0022846359908605773	-0.002897246558310587	1.02444053	30.41913414	0.98555272	0.09563052837250056	0.00483257	0.0002
-0.1352	0.0258	-0.0271	0.004897393881096089	-0.0023160519173964756	-0.0027925268031909274	0.99796754	29.63306236	0.97264964	0.04973038285837618	0.00450587	0.00016
-0.1285	0.0709	-0.0192	0.004965461721923867	-0.0024591689160600103	-0.0028099800957108703	1.01253057	30.06548882	0.98334927	0.07113190660056276	0.00386506	0.00017
-0.1178	0.0954	-0.003	0.004687954370856769	-0.002637192499763432	-0.0027977627909469105	0.95809484	28.44910622	0.96082366	0.07478741197672396	0.00404644	7e-05
-0.1222	0.0116	-0.0351	0.004932300466135976	-0.0023911010752322315	-0.002930407814098479	1.03732276	30.80165291	1.01277669	0.15145412714809875	0.00421566	0.00015
-0.1402	0.0055	-0.0393	0.005066690818539539	-0.0023230332344044524	-0.00285012266850674	0.98643929	29.2907486	0.97516903	0.04243716694115404	0.00428903	0.00016
-0.1419	0.0452	-0.0311	0.005122541354603357	-0.0024015730507441976	-0.0029181905093345183	1.00448346	29.82654381	0.98332816	0.05972290966156708	0.0043093	0.00012
-0.1329	0.1034	-0.0022	0.00486946861306418	-0.0026825710603152844	-0.0029775317039023265	1.02937627	30.56569481	1.00886486	0.12577059728390355	0.0037747	7e-05
-0.1341	0.051	-0.0152	0.005028293574995664	-0.002663372438543347	-0.0030281462522101614	0.97459525	28.9390583	0.97948851	0.0780319066005628	0.00361544	8e-05
-0.1348	-0.0139	-0.0367	0.005087634769563471	-0.002230530784048753	-0.002701769682087222	1.02677774	30.48853683	1.00332738	0.12802797095926705	0.0041576	3e-05
-0.1446	0.0176	-0.0307	0.005232497097479001	-0.0023125612588924867	-0.002790781473938933	0.99740672	29.6164093	0.97554683	0.06309522973054872	0.00413734	0.0001
-0.1371	0.0836	-0.0223	0.005318018230826722	-0.0026022859147235454	-0.0028902652413026098	1.01982296	30.28202248	0.99882444	0.10563647782712286	0.00369906	0.00013
-0.1345	0.0724	-0.0231	0.00529707427980279	-0.0027768188399229783	-0.0029967303256742636	0.95202613	28.26890564	0.95919976	0.02969709802975092	0.00354266	9e-05
-0.1403	-0.0125	-0.0642	0.005372123437638546	-0.0024486969405480446	-0.0029827676916583086	1.05109859	31.2107029	1.01789947	0.15265668456133225	0.00423437	0.00014
-0.1439	0.0058	-0.0492	0.005307546255314756	-0.0024678955623199817	-0.0028379053637427798	0.94494444	28.05862617	0.95408099	0.0483319066005628	0.00412196	0.00011
-0.1363	0.0323	-0.0414	0.004941027112395947	-0.0024190263432641405	-0.0029478611066184224	0.97442788	28.93408966	0.97479632	0.06816720524251463	0.00462675	0.00013
-0.1223	0.0983	-0.0272	0.004867723283812185	-0.0026267205242514655	-0.002885029253546627	1.05351233	31.28237724	1.01000109	0.11139149313214416	0.00407398	0.00013
-0.1263	0.0126	-0.0582	0.005085889440311476	-0.002398082392240209	-0.0029129545215785357	1.06015003	31.47947121	1.02286646	0.14443647782712285	0.00429916	0.00013
-0.1315	-0.0045	-0.0334	0.005005604294719737	-0.0023160519173964756	-0.0026720990848033187	1.00527549	29.85005951	0.98281874	0.06725855286053449	0.00476664	9e-05
-0.1373	0.0291	-0.0207	0.004808382089244378	-0.0023387411976724015	-0.002623229865747477	1.04792905	31.1165905	0.9914643	0.06553903524035629	0.00452822	0.00019
-0.1287	0.0847	0.005	0.004665265090580842	-0.0027715828521669953	-0.0026563911215353696	1.06002462	31.47574806	1.00627215	0.12035599544730108	0.00396782	0.00011
-0.1266	0.0518	-0.0091	0.004756022211684548	-0.0025726153174396417	-0.0027052603405912107	1.00498068	29.84130669	0.98229545	0.06602969374434504	0.00352883	0.00011
-0.1362	-0.0021	-0.0266	0.0049898963314517885	-0.0023788837704682713	-0.0026930430358272505	1.00951231	29.97586441	0.99506724	0.10299114857512856	0.00376385	0.00016
-0.1361	0.0226	-0.019	0.0049462631001519295	-0.002261946710584651	-0.002663372438543347	0.96911204	28.77624321	0.96427037	0.04191204442336913	0.00440782	0.00013
-0.1309	0.0648	-0.0059	0.005064945489287545	-0.002464404903815993	-0.0028623399732707008	1.01871037	30.24898911	0.99209155	0.08650540585471557	0.00346082	0.00012
-0.125	0.0817	-0.0059	0.004975933697435834	-0.0024678955623199817	-0.0029146998508305304	0.97774988	29.0327301	0.97417366	0.03004311639577645	0.00339711	7e-05
-0.1264	0.0044	-0.0449	0.005377359425394529	-0.0021589722847169856	-0.0030490902032340936	1.04929328	31.15709686	1.0181541	0.15993696789826267	0.00377554	7e-05
-0.1368	0.0063	-0.0435	0.005590289594137836	-0.001963495408493621	-0.0031974431896536117	0.97561198	28.96924973	0.96453747	0.04153800156930952	0.00375491	7e-05
-0.1357	0.0437	-0.034	0.005701990666265475	-0.002050761871093337	-0.003375466773357033	1.03235757	30.65421867	0.98477293	0.06684955592153882	0.00399351	0.00014
-0.1297	0.0975	-0.0033	0.005523967082562053	-0.0023649211364523163	-0.0034819318577286873	1.0276649	30.51487732	0.99948764	0.12043239667170275	0.00345027	7e-05
-0.1323	0.0212	-0.0324	0.0057089719832734516	-0.0021607176139689798	-0.003530801076784529	1.03936291	30.8622303	1.01175316	0.1299038821125288	0.00339949	9e-05
-0.1384	-0.0115	-0.05	0.006017895260876448	-0.0019268434942017398	-0.003459242577452761	0.97603405	28.98178101	0.97747418	0.08711779483510021	0.00380951	9e-05
-0.1358	0.0173	-0.0399	0.005960299395560636	-0.001912880860185785	-0.0033248522250491977	0.97443146	28.93419456	0.96369033	0.05179744258676648	0.00383383	0.00021
-0.1209	0.0779	-0.0149	0.005820673055401089	-0.0022218041377887812	-0.0033248522250491977	1.08212733	32.13205338	1.01591333	0.12292748088812715	0.0032596	0.00012
-0.1212	0.0463	-0.0412	0.005761331860833282	-0.0020664698343612863	-0.003387684078120994	1.03193045	30.64153671	1.00465584	0.07207536755335492	0.00347769	0.00012
-0.1348	-0.0134	-0.0586	0.006166248247295967	-0.001780235837034216	-0.0034365532971768345	1.05033815	31.1881237	1.01266355	0.1277009801422798	0.00426096	0.00017
-0.1428	0.0225	-0.0506	0.006251769380643689	-0.0017749998492782332	-0.0034033920413889425	1.03585541	30.75808334	0.99201469	0.058095918844579875	0.00492483	9e-05
-0.127	0.0748	-0.0239	0.00606676447993229	-0.002106612407157156	-0.003373721444105039	1.05487871	31.32294846	1.00364372	0.12211440279371132	0.0037936	9e-05
-0.1186	0.0674	-0.0383	0.005770058507093254	-0.0020943951023931952	-0.003232349774693498	0.97383749	28.91655922	0.96800432	0.052714747350726864	0.0037179	0.0001
-0.1204	-0.0127	-0.0704	0.006127851003752092	-0.0016964600329384882	-0.003232349774693498	1.05107808	31.21009636	1.01820235	0.1517863783056772	0.00425249	0.00013
-0.1224	0.0255	-0.0549	0.0060301125656404084	-0.001647590813882647	-0.0030508355324860886	1.00227952	29.76110077	0.98050428	0.0721060949687467	0.00423163	7e-05
-0.1196	0.0524	-0.0478	0.006052801845916334	-0.0017715091907742446	-0.0031084313978019013	1.02312934	30.38020325	0.98533922	0.04701017612416681	0.00375181	4e-05
-0.1163	0.0926	-0.0403	0.005860815628196958	-0.0020298179200694054	-0.003153809958353753	1.05095816	31.20653343	1.00238894	0.07578367537831945	0.00387341	0.00014
-0.1181	0.0185	-0.0683	0.005991715322096533	-0.0018238690683340744	-0.0032026791774095948	1.07017338	31.77709961	1.02323092	0.12318588823453738	0.00402021	0.0001
-0.125	0.008	-0.0616	0.006169738905799955	-0.0016929693744344998	-0.0032166418114255493	1.01265419	30.06916046	0.98000764	0.040244295580947546	0.00353891	9e-05
-0.1289	0.0341	-0.0531	0.0062343160881237454	-0.0016772614111665507	-0.0031974431896536117	0.98991096	29.39383507	0.96711329	0.04347418836818384	0.00349241	0.00011
-0.1258	0.068	-0.038	0.006181956210563915	-0.0018901915799098587	-0.0032567843842214186	1.03676844	30.7851944	0.99723553	0.06833156204354726	0.00348151	0.00022
-0.1193	0.0998	-0.0239	0.005799729104377157	-0.002033308578573394	-0.003225368457685521	1.02722347	30.50177193	0.99744534	0.0802380015693095	0.00348705	0.00014
-0.1239	0.0269	-0.0548	0.006028367236388414	-0.001748819910498318	-0.0034016467121369483	1.05152035	31.22322655	1.01400418	0.14287025272688797	0.00404716	0.00019
-0.1323	0.0132	-0.0584	0.006181956210563915	-0.0016458454846306526	-0.003298672286269283	1.03835666	30.83235359	0.98447886	0.04367689129554161	0.00422895	0.00032
-0.1287	0.0363	-0.0505	0.006241297405131722	-0.0017558012275062952	-0.003269001688985379	1.02464271	30.42513847	0.97956436	0.04454837673636769	0.0036701	0.00027
-0.1082	0.0787	-0.0499	0.006161012259539982	-0.001998401993533507	-0.0032515483964654355	1.01443601	30.12206841	0.98964083	0.08051696020694478	0.00411421	0.00032
-0.1083	0.0612	-0.0636	0.00603883921190038	-0.002022836603061428	-0.0032166418114255493	0.98913401	29.37076378	0.97749409	0.040375712110370464	0.00409186	0.00025
-0.1181	-0.0068	-0.0844	0.00628842129493557	-0.0016929693744344998	-0.0031119220563058892	1.05053818	31.19406509	1.01452643	0.1328084533390889	0.00454003	0.00022
-0.1274	0.0125	-0.0643	0.006339035843243405	-0.0017505652397503124	-0.003040363556974122	1.01515114	30.14330101	0.98590123	0.05768844564777075	0.00402969	0.00025
-0.1233	0.048	-0.0462	0.006241297405131722	-0.0018552849948699724	-0.0031049407392979124	1.05819952	31.42155457	1.00359701	0.07105176877775664	0.00428909	0.00028
-0.1174	0.0786	-0.0485	0.006080727113948244	-0.002090904443889207	-0.0031363566658338103	1.04142022	30.92331886	1.00156319	0.06018028333693052	0.00401521	0.00011
-0.1158	-0.0084	-0.0753	0.00623257075887175	-0.0017453292519943296	-0.0030543261909900766	1.06776857	31.7056942	1.01862239	0.14437246558310585	0.00393081	0.00015
-0.1177	0.0037	-0.0536	0.006361725123519331	-0.001668534764906579	-0.002925171826342496	0.98338932	29.20018578	0.97165501	0.05245516081914564	0.00353539	0.0001
-0.1125	0.0389	-0.0374	0.006386159733047251	-0.001785471824790199	-0.0029112091923265415	0.99116039	29.43093491	0.97351313	0.06436671517137471	0.00368661	0.00026
-0.1059	0.1034	-0.02	0.006080727113948244	-0.0021205750411731105	-0.002886774582798621	1.05915809	31.45001984	1.01980673	0.12174852225049194	0.00380152	0.00013
-0.1011	0.0042	-0.0529	0.006323327879975456	-0.0018343410438460403	-0.002844886680750757	1.08094668	32.09699631	1.03737488	0.1654361332701073	0.00372159	0.0001
-0.1046	-0.0093	-0.049	0.006408849013323179	-0.0016772614111665507	-0.0027715828521669953	0.9973436	29.61453438	0.97332721	0.03669522973054869	0.0038622	0.00012
-0.1057	0.03	-0.0366	0.0065764006215146345	-0.0017715091907742446	-0.002748893571891069	1.03903973	30.85263634	0.98600461	0.0670244334037538	0.0037387	9e-05
-0.0962	0.0833	-0.0078	0.006157521601035994	-0.002061233846605303	-0.002823942729726825	1.04635918	31.06997681	1.00662047	0.13078264170727275	0.00361234	0.00015
-0.0948	0.025	-0.0347	0.006286675965683575	-0.0019111355309337906	-0.002790781473938933	1.02726555	30.50301933	0.99608833	0.10222069680534927	0.00330359	0.00011
-0.1024	-0.0009	-0.0449	0.006524040743954804	-0.0017156586547104257	-0.002883283924294633	1.0031445	29.78678513	0.98107036	0.06996720524251472	0.00372577	0.00012
-0.1017	0.0114	-0.0323	0.006633996486830446	-0.0016755160819145565	-0.002848377339254746	0.96928585	28.7814045	0.96096572	0.03485024503556993	0.00363225	0.00016
-0.094	0.0622	-0.0141	0.006464699549386996	-0.0019792033717615696	-0.0027890361446869386	1.03942537	30.86408615	0.9974032	0.10331627109291353	0.00312972	5e-05
-0.086	0.061	-0.0161	0.00626049602690366	-0.002090904443889207	-0.0026808257310632897	1.0087589	29.95349503	0.97973491	0.03240575041173112	0.00315702	0.00014
-0.0876	-0.0028	-0.0356	0.006490879488166912	-0.0018238690683340744	-0.0027052603405912107	1.03413856	30.70710373	1.00355789	0.11099267231731529	0.00368518	0.00013
-0.0932	0.0098	-0.0272	0.006548475353482724	-0.0017470745812463236	-0.002694788365079245	1.04442644	31.01258469	0.99141795	0.03384311639577642	0.00477558	0.00014
-0.0993	0.0427	-0.0154	0.006529276731710787	-0.0018308503853420514	-0.002841396022246768	1.02313018	30.38022614	0.98367969	0.06327910415175937	0.00381577	0.00015
-0.0958	0.0505	0.0047	0.006443755598363065	-0.001980948701013564	-0.002853613327010729	1.00335801	29.79312325	0.97658597	0.0437918376891598	0.00360847	0.00012
-0.0866	0.1044	0.0412	0.005995205980600523	-0.0025918139392115793	-0.002930407814098479	1.09500551	32.51445007	1.03365984	0.15641046715241536	0.00379145	0.0002
-0.0875	0.0459	0.003	0.006178465552059926	-0.002261946710584651	-0.002855358656262723	1.07577741	31.94350433	1.02317124	0.12700879789610436	0.00353324	0.00019
-0.0944	0.0093	-0.0023	0.006487388829662923	-0.0019268434942017398	-0.0028763026072866553	1.04151261	30.92606354	0.998305	0.08204852225049203	0.00359184	0.00013
-0.0972	0.0408	0.0098	0.006513568768442837	-0.0019285888234537342	-0.002874557278034661	1.04644465	31.07251358	0.98939291	0.04788352986419515	0.00417382	0.00017
-0.0993	0.0521	0.0111	0.006632251157578452	-0.0019861846887695473	-0.0029513517651224112	0.99921107	29.66998672	0.96716956	0.027353637076958887	0.00308114	8e-05
-0.099	0.0757	0.0201	0.006735225583446118	-0.002235766771804736	-0.003118903373313867	0.97956973	29.0867691	0.96340412	0.058905405854715535	0.00332946	7e-05
-0.1047	0.0938	0.0224	0.006649704450098395	-0.002408554367752175	-0.0032515483964654355	0.98090398	29.12638664	0.97805807	0.04564768762233647	0.00336099	0.00012
-0.1119	0.0199	0.0065	0.007082546104592989	-0.002145009650701031	-0.003145083312093782	1.0397284	30.87308311	1.00770015	0.13714257279586956	0.00331146	4e-05
-0.1209	0.0353	0.0243	0.0072850042978243315	-0.002090904443889207	-0.0030944687637859463	0.99782741	29.62890053	0.97443961	0.057558897417550096	0.00318903	8e-05
-0.119	0.0435	0.0335	0.007246607054280456	-0.0019198621771937623	-0.0030700341542580253	1.0031594	29.78722572	0.97428354	0.030993705988362034	0.00372797	0.00012
-0.1108	0.0935	0.041	0.007367034772668065	-0.002314306588144481	-0.0032009338481576006	1.04687679	31.08534431	1.00332718	0.09798859116189511	0.0038839	0.00011
-0.1085	0.0619	0.0258	0.007185520530460655	-0.0022776546738526	-0.003235840433197487	0.99578869	29.5683651	0.97784278	0.061753637076958814	0.00299728	9e-05
-0.1159	0.0061	0.0196	0.0075450583563714865	-0.001954768762233649	-0.0032166418114255493	1.01283896	30.07464409	0.98501212	0.104481117965086	0.00320005	4e-05
-0.1149	0.0256	0.0322	0.007508406442079606	-0.0018099064343181197	-0.0030560715202420713	0.97780371	29.03432846	0.9642175	0.0502042266695444	0.00383335	0.00012
-0.1052	0.0702	0.0414	0.007543313027119492	-0.002001892652037496	-0.003115412714809878	1.03530276	30.74167061	0.99652312	0.07781169986635345	0.00346392	9e-05
-0.105	0.089	0.0482	0.007232644420264501	-0.002336995868420407	-0.0032463124087094525	1.02617908	30.47075844	0.98826064	0.0646335758568738	0.00341785	0.00012
-0.1139	0.0137	0.0194	0.007562511648891429	-0.002036799237077382	-0.0034313173094208515	1.05000353	31.17818832	1.01725755	0.1537534380340676	0.003434	0.0001
-0.1304	0.0194	0.0373	0.007668976733263084	-0.0017348572764823637	-0.003387684078120994	1.05302525	31.26791191	0.99122329	0.06270201381332653	0.00376099	0.00015
-0.1301	0.0459	0.0581	0.007705628647554965	-0.001621410875102732	-0.00322885911618951	1.02716541	30.50004578	0.98285935	0.06304616388014983	0.00363874	5e-05
-0.1255	0.06	0.056	0.007801621756414652	-0.0016999506914424768	-0.0034609879067047556	0.98926669	29.37470436	0.96479793	0.041133085785733846	0.00365794	0.00011
-0.1092	0.0972	0.0622	0.007424630637983878	-0.0019355701404617114	-0.003342305517569141	1.01555812	30.15538597	0.99267513	0.09626464782928112	0.00407553	0.00013
-0.1122	0.0258	0.0322	0.0076270888312152205	-0.0017278759594743865	-0.00334579617607313	1.05264807	31.25671387	1.00825612	0.1250821516361328	0.003506	7e-05
-0.118	-0.0038	0.0477	0.007883652231258387	-0.0015812683023068625	-0.003237585762449481	1.01669073	30.18901634	0.98770847	0.07646907354171698	0.00401831	0.0001
-0.1143	0.0396	0.0571	0.007710864635310948	-0.0015306537539990272	-0.003262020371977402	1.04735208	31.09945869	0.9948221	0.06889183768915975	0.00418329	0.0001
-0.1037	0.0756	0.0637	0.007475245186291714	-0.0020210912738094335	-0.0030246555937061734	1.05739295	31.3976059	1.00511418	0.10137108735504347	0.00404924	0.00012
-0.0984	0.0682	0.0567	0.007520623746843567	-0.0021223203704251047	-0.0029618237406343773	1.00990844	29.98762703	0.98297063	0.03017197551196601	0.00391459	9e-05
-0.1033	0.0067	0.0387	0.007880161572754398	-0.0016528268016386303	-0.0027192229746071652	1.04756832	31.10587883	1.01270937	0.1379816080362259	0.00394118	8e-05
-0.1025	0.0239	0.0461	0.007716100623066931	-0.0015132004614790836	-0.0026511551337793865	1.00840425	29.94296455	0.97907786	0.0439877565337396	0.00388211	0.00019
-0.1047	0.0353	0.0515	0.007773696488382744	-0.001504473815219112	-0.0026930430358272505	1.02672184	30.48687363	0.98745487	0.024410520681182407	0.00398725	0.00015
-0.1018	0.089	0.0626	0.007433357284243849	-0.0017296212887263805	-0.0026790804018112955	1.04971623	31.16965866	1.00254263	0.09667246558310592	0.00422704	0.00023
-0.1038	0.0389	0.035	0.007606144880191289	-0.0016929693744344998	-0.0027558748888990466	1.03434145	30.71312714	1.00118183	0.0940116998663536	0.00411338	0.00015
-0.1056	0.008	0.0445	0.007646287452987157	-0.0013683381335635543	-0.0026092672317315226	1.01989412	30.28413773	0.98672739	0.06776907354171685	0.00392455	0.00016
-0.1054	0.0308	0.0526	0.007763224512870777	-0.0014364059743913332	-0.002595304597715568	0.9927026	29.47672844	0.9677086	0.04104837673636767	0.00390679	0.00012
-0.1026	0.0516	0.0471	0.007915068157794284	-0.0016790067404185449	-0.0026511551337793865	1.03401434	30.70341492	0.99436369	0.051614747350726825	0.00388497	0.00013
-0.0947	0.0695	0.044	0.007658504757751118	-0.0020682151636132805	-0.0026110125609835172	1.05411017	31.30012703	1.00775693	0.06319571980168853	0.00422496	0.00019
-0.0974	0.0075	0.0098	0.0077335539155868735	-0.0017889624832941875	-0.0026092672317315226	1.04369676	30.99091721	1.01787399	0.11670235837034217	0.00371671	0.0001
-0.1094	0.0011	0.0204	0.007831292353698557	-0.0016929693744344998	-0.0025865779514555962	1.06158948	31.52221298	0.99505961	0.03982104136236486	0.0042128	9e-05
-0.104	0.0466	0.0441	0.007836528341454539	-0.001858775653373961	-0.0026319565120074486	1.03854895	30.83806419	0.99717902	0.08542104136236478	0.00364423	5e-05
-0.103	0.0977	0.062	0.007635815477475192	-0.0022462387473167022	-0.0027925268031909274	1.00815558	29.93558121	0.9894002	0.10743731245527832	0.00381881	8e-05
-0.106	0.0342	0.038	0.007812093731926618	-0.0021938788697568722	-0.002766346864411012	0.99452817	29.53093529	0.98864056	0.10324090353955856	0.00359577	8e-05
-0.1154	-0.0121	0.0224	0.008110545034017648	-0.0018675022996339327	-0.002904227875318564	0.99553627	29.56086922	0.98845827	0.10943544415607606	0.00383639	0.00014
-0.1205	0.0403	0.0383	0.008276351312957111	-0.0020298179200694054	-0.002726204291615143	1.03082085	30.60858727	0.9941413	0.09870727415391779	0.00395972	9e-05
-0.1134	0.0884	0.0575	0.008168140899333463	-0.0022689280275926286	-0.0028640853025226946	1.06179333	31.52826691	0.99862611	0.09866007660272115	0.00434208	7e-05
-0.1168	0.0909	0.0474	0.007942993425826193	-0.002336995868420407	-0.002925171826342496	1.01163232	30.03881454	0.98136282	0.03371509190774248	0.00408542	8e-05
-0.1219	-0.0023	0.0222	0.008311257897996997	-0.002012364627549462	-0.0029164451800825246	1.08434331	32.19785309	1.03138896	0.15858111796508603	0.00471699	0.00014
-0.1275	0.0151	0.0427	0.008105309046261666	-0.0019931660057775245	-0.002708750999095199	1.0141753	30.11432457	0.98200868	0.0651420827247297	0.00376076	4e-05
-0.132	0.0741	0.0559	0.008323475202760958	-0.0022933626371205488	-0.0029478611066184224	1.01574802	30.161026	0.99210596	0.11457364476827694	0.00417399	9e-05
-0.1347	0.1082	0.0924	0.007880161572754398	-0.0026284658535034606	-0.0029722957161463434	1.00445795	29.82578468	0.98782445	0.1134425727958696	0.00470412	0.00024
-0.1291	0.0414	0.0418	0.008150687606813518	-0.0023509585024363614	-0.0028693212902786776	1.06129527	31.51347733	1.027678	0.15555039054969427	0.00399101	0.0001
-0.1326	-0.0104	0.0159	0.008410741665360674	-0.002131047016685076	-0.002939134460358451	1.01754785	30.21446991	0.99550193	0.1086889357189107	0.00402153	0.00014
-0.1389	0.0364	0.0288	0.008492772140204406	-0.002136283004441059	-0.0030124382889422127	1.04185224	30.93614769	0.98687228	0.07402851455917385	0.00422698	0.0002
-0.1339	0.0889	0.0413	0.00830427658098902	-0.002366666465704311	-0.003232349774693498	1.08007681	32.07116699	1.00397162	0.10193952531149617	0.00516081	0.00015
-0.1391	0.0843	0.0264	0.008318239215004974	-0.002567379329683659	-0.003384193419617005	0.99287748	29.48192024	0.98264978	0.04302595714594046	0.00424087	0.00014
-0.1393	0.0008	0.0071	0.008567821298040163	-0.002141518992197042	-0.0033684854563490563	1.06285262	31.55972099	1.02308719	0.13755751918948775	0.00395185	7e-05
-0.1501	0.0295	0.0222	0.008545132017764237	-0.002040289895581371	-0.003300417615521277	0.97883815	29.0650444	0.96865457	0.06419931088596886	0.00401849	0.0001
-0.1469	0.0686	0.0521	0.008382816397328765	-0.0022130774915288098	-0.003387684078120994	1.00569367	29.86247826	0.98640665	0.09331848394913136	0.0043242	0.00013
-0.1379	0.1083	0.0841	0.007826056365942573	-0.0021991148575128553	-0.0033597588100890844	1.03933704	30.86146545	1.01282855	0.1106323966717028	0.00449002	0.0001
-0.1263	-0.0029	0.063	0.007682939367279038	-0.001710422666954443	-0.003316125578789226	1.11221623	33.02549744	1.05578325	0.17767212102609023	0.00396144	9e-05
-0.1345	0.0216	0.0635	0.007805112414918642	-0.0015760323145508795	-0.003480186528476693	1.01996052	30.28610802	0.97651456	0.054231217486531785	0.00408012	0.0001
-0.1447	0.024	0.0642	0.00783303768295055	-0.0016074482410867775	-0.003555235686312449	1.04430723	31.00904655	0.97604144	0.02001951762017804	0.00462717	0.0001
-0.1414	0.0634	0.0639	0.007892378877518359	-0.0018675022996339327	-0.0036128315516282617	1.02760041	30.51296425	0.98322694	0.06184955592153882	0.00429136	0.0001
-0.1436	0.0753	0.0457	0.007871434926494426	-0.0019687313962496035	-0.0035849062835963527	0.98701489	29.30784035	0.97005113	0.03980491578357562	0.00405109	8e-05
-0.1534	0.0003	0.0396	0.00800582527889799	-0.0016318828506146981	-0.0035883969421003415	1.03447104	30.71697426	1.00046138	0.11463647782712284	0.00412768	7e-05
-0.1517	0.0187	0.0498	0.00773180858633488	-0.0016126842288427606	-0.003262020371977402	0.98937958	29.37805557	0.97158671	0.06127959422289933	0.00450855	0.00016
-0.144	0.065	0.0641	0.0077335539155868735	-0.001762782544514273	-0.0032847096522533284	1.05844223	31.42876244	1.00255261	0.07702664625997165	0.00394821	0.0001
-0.1394	0.0969	0.0844	0.007403686686959946	-0.0019896753472735357	-0.0032812189937493396	1.01590371	30.16564941	0.98941521	0.08481253449450894	0.0041132	0.00011
-0.141	0.0344	0.0497	0.0076340701482231965	-0.0018343410438460403	-0.0033824480903650108	1.04314852	30.97463989	1.00572725	0.12314734306532084	0.0037154	0.00014
-0.1496	0.0115	0.0427	0.007682939367279038	-0.001658062789394613	-0.0033981560536329595	0.99547231	29.5589695	0.97258252	0.05054277183876089	0.00386137	0.00011
-0.1537	0.0374	0.0429	0.007386233394440003	-0.0016406094968746698	-0.0034819318577286873	0.99300927	29.48583412	0.9693194	0.05009675347273528	0.00336665	7e-05
-0.148	0.096	0.055	0.007154104603924756	-0.0018744836166419098	-0.0034819318577286873	0.97708881	29.01310158	0.97487658	0.09970014551412436	0.00368613	0.0001
-0.1424	0.0706	0.0417	0.007045894190301109	-0.0019058995431778078	-0.003426081321664869	0.9598366	28.50082397	0.96928429	0.0540738438111682	0.00374484	0.00012
-0.1482	-0.0015	0.0247	0.007340854833888149	-0.0015638150097869194	-0.0034243359924128747	1.01878357	30.25116158	1.0023521	0.12683952531149612	0.00370145	0.00015
-0.1509	0.0253	0.0322	0.007281513639320344	-0.0016039575825827887	-0.0033667401270970616	0.97982854	29.09445381	0.96636735	0.04485398163397435	0.00344485	0.00011
-0.1391	0.0636	0.0488	0.007347836150896126	-0.0017383479349863521	-0.003427826650916863	1.01549125	30.15340042	0.98224235	0.07978996938995736	0.00368458	0.00012
-0.1355	0.0916	0.044	0.006949901081441421	-0.0018884462506578647	-0.0034068826998929313	1.00955892	29.97725105	0.98822813	0.06484886680750748	0.00370908	9e-05
-0.1435	-0.0136	0.0012	0.007066838141325039	-0.0015166911199830724	-0.003309144261781249	1.10430312	32.79052734	1.05092553	0.18532153143350463	0.0034675	5e-05
-0.1477	0.0002	0.0216	0.007087782092348972	-0.001509709802975095	-0.003235840433197487	0.98351663	29.20396614	0.96953434	0.04346145483078364	0.0036568	8e-05
-0.1417	0.0355	0.0395	0.007201228493728604	-0.001567305668290908	-0.0032480577379614467	1.01653159	30.18429184	0.98610313	0.06836297857297023	0.00334322	0.00013
-0.1105	0.0883	0.1184	0.0068643799480936985	-0.002141518992197042	-0.0030613075079980543	1.08954823	32.35240555	1.05041335	0.2177906049752216	0.00463855	0.00014
-0.1194	0.0487	0.0775	0.006979571678725324	-0.0018901915799098587	-0.003242821750205464	1.03813839	30.82587051	1.02826524	0.11680166925631094	0.00369221	0.00017
-0.1262	-0.0177	0.0423	0.007185520530460655	-0.0012950343049797925	-0.0032829643230013338	1.05898905	31.44499969	1.02858707	0.15046243497306339	0.00439018	0.00014
-0.1262	0.0154	0.048	0.0072640603468004	-0.0013386675362796509	-0.0031503192998497648	1.0159843	30.16804123	0.98523205	0.051540903539558605	0.00387418	0.00014
-0.1199	0.0779	0.0787	0.006972590361717347	-0.0016982053621904826	-0.003166027263117714	1.06392932	31.59169388	1.00857137	0.1328357887130917	0.00418139	0.00011
-0.1202	0.0643	0.069	0.006834709350809794	-0.0017540558982543013	-0.003159045946109736	0.99522316	29.5515728	0.97506978	0.03363564319896746	0.00376719	3e-05
-0.1228	-0.0189	0.035	0.007279768310068348	-0.0014486232791552935	-0.0032829643230013338	1.0673945	31.69458389	1.02741443	0.16352049776245797	0.00405341	9e-05
-0.1304	0.0122	0.0415	0.007291985614832309	-0.001424188669627373	-0.003303908274025266	1.00448549	29.82660294	0.97573454	0.048079793265790656	0.00380123	0.00013
-0.121	0.071	0.0706	0.007086036763096978	-0.0018465583486100008	-0.0032637657012293962	1.01570261	30.15967751	0.99981802	0.1307230551756914	0.00359178	0.0001
-0.1172	0.0797	0.0576	0.006874851923605664	-0.0020298179200694054	-0.003218387140677544	0.94189513	27.96808052	0.95763499	0.04749114857512857	0.00349015	8e-05
-0.1211	-0.0192	0.0196	0.007424630637983878	-0.001673770752662562	-0.0033021629447732717	1.05473006	31.31853485	1.02225802	0.19028008429403925	0.00373268	0.00017
-0.1293	0.0052	0.0112	0.0076166168557032544	-0.0014538592669112763	-0.003347541505325124	0.96401805	28.62498665	0.96472111	0.06386381320112569	0.00374371	0.0001
-0.1287	0.0362	0.0274	0.007564256978143424	-0.001579522973054868	-0.0033353242005611634	1.03198981	30.64330101	0.99249162	0.05731204442336914	0.00375903	0.00012
-0.1176	0.0871	0.0885	0.007089527421600967	-0.0021258110289290935	-0.0031834805556376572	1.09432018	32.49410248	1.03709026	0.18174306286700945	0.00446028	0.0002
-0.1162	0.0663	0.0846	0.006757914863722044	-0.0022322761133007477	-0.0029792770331543207	1.00319088	29.78816223	0.99384466	0.05821405823669569	0.00436866	0.00012
-0.1188	-0.0259	0.035	0.007133160652900825	-0.0016807520696705393	-0.0029077185338225527	1.10952318	32.94552994	1.05629185	0.19431641660703788	0.00438887	0.00013
-0.1211	-0.0151	0.0434	0.007185520530460655	-0.001450368608407288	-0.0031014500807939236	0.99838597	29.64548683	0.97961798	0.045323744289722634	0.0041312	0.00016
-0.1196	0.0243	0.0595	0.007344345492392139	-0.00152367243699105	-0.0030490902032340936	0.99921381	29.67006874	0.98039685	0.07122443340375376	0.00399143	0.00012
-0.1208	0.0791	0.1021	0.0068975412038815905	-0.002008873969045473	-0.0028885199120506156	1.05919445	31.4510994	1.02136191	0.15322880558742247	0.00437027	0.00019
-0.1219	0.079	0.0914	0.006578145950766627	-0.0022444934180647076	-0.0028675759610266834	0.99757284	29.62134171	0.98244213	0.04069793265790648	0.00393248	0.00014
-0.1208	-0.0091	0.0518	0.006888814557621618	-0.001837831702350029	-0.002904227875318564	1.08817196	32.3115387	1.03920598	0.16649911184307745	0.00394493	0.00016
-0.1209	0.0173	0.0361	0.007093018080104955	-0.0014154620233674013	-0.003089232776029963	1.04091597	30.90834808	0.99479516	0.08277890510886819	0.00396109	0.00011
-0.1229	0.0419	0.04	0.007246607054280456	-0.001446877949903299	-0.0031223940318178558	1.05434358	31.30706024	0.98468601	0.0414083078249646	0.00452876	8e-05
-0.1177	0.0944	0.0899	0.007009242276009227	-0.0021799162357409173	-0.0031712632508736965	1.07737124	31.99082756	1.02827892	0.1585636141582344	0.00418687	0.00011
-0.1259	0.0841	0.0771	0.006997024971245267	-0.002490584842595908	-0.003218387140677544	0.96597397	28.68306351	0.97203845	0.04980049007113995	0.00372362	0.00011
-0.1314	-0.0029	0.0272	0.007311184236604247	-0.001965240737745615	-0.0033196162372932147	1.06726635	31.69078064	1.03283248	0.18943662334124717	0.00401795	0.00016
-0.1295	0.0107	0.0168	0.00742113997947989	-0.001759291886010284	-0.0034016467121369483	0.95636046	28.3976059	0.96111629	0.04579675347273537	0.00361699	0.00011
-0.1394	0.0544	0.0284	0.007400196028455957	-0.001960004749989632	-0.0033911747366249826	1.0310092	30.61418152	0.99107978	0.07680643952576233	0.00342327	0.0001
-0.1363	0.1031	0.0889	0.006850417314077744	-0.002562143341927676	-0.003371976114853045	1.06608963	31.65583992	1.02806847	0.1708557964044097	0.00401187	5e-05
-0.1289	0.0551	0.0667	0.006852162643329738	-0.0025028021473598684	-0.003267256359733385	0.98456943	29.23522568	0.98567349	0.0858903139469731	0.003847	9e-05
-0.1315	-0.0041	0.0257	0.007311184236604247	-0.0020804324683772408	-0.003412118687648914	1.02951956	30.5699501	1.00747231	0.15411268000863326	0.00377852	0.00011
-0.1363	0.0157	0.0153	0.007361798784912082	-0.0019076448724298022	-0.003639011490408177	1.01542735	30.15150452	0.97626419	0.05751474735072681	0.00440693	0.00015
-0.1338	0.0631	0.0389	0.007286749627076325	-0.0022654373690886398	-0.003790855135331684	1.04920435	31.154459	0.99503931	0.10273426497090504	0.00365472	0.0001
-0.1383	0.1041	0.0655	0.006881833240613641	-0.0028518679977587343	-0.0038816122564353885	0.99541777	29.55735016	0.98251379	0.12620520681182412	0.00415838	0.00012
-0.1397	0.0389	0.0364	0.007103490055616921	-0.0027279496208671367	-0.0038938295611993493	1.01402998	30.11001205	0.99538539	0.11358962483294188	0.00351018	0.00012
-0.1416	0.0091	0.0139	0.0074019413577079505	-0.0023928464044842257	-0.00399505865781502	0.99419636	29.52108192	0.97550999	0.09093918075448054	0.00368458	0.00011
-0.1477	0.0257	0.0146	0.007428121296487867	-0.002258456052080662	-0.004085815778918725	1.0073365	29.91125679	0.96943639	0.035966370614359255	0.00386429	0.00014
-0.1475	0.0745	0.0402	0.007237880408020484	-0.0026162485487395003	-0.004096287754430691	1.06005907	31.4767704	1.00028266	0.10252526803190937	0.00413465	0.00015
-0.1454	0.1078	0.051	0.006867870606597688	-0.0028274333882308137	-0.004117231705454623	1.01792455	30.22565269	0.98705697	0.07630692959690209	0.00471783	7e-05
-0.1397	0.0244	0.0298	0.007255333700540428	-0.0027436575841350863	-0.0040055306333269865	1.04664218	31.07837868	1.00644276	0.13944699850830525	0.00346518	0.0001
-0.1352	0.0212	0.0215	0.007415903991723906	-0.0023212879051524586	-0.004003785304074992	0.96453482	28.64033127	0.96008357	0.04523426497090503	0.00338596	9e-05
-0.128	0.0406	0.0294	0.007339109504636156	-0.002197369528260861	-0.0038275070496235643	0.95765311	28.43598938	0.95199369	0.05334955592153874	0.00354838	0.0001
-0.116	0.0856	0.0711	0.0068591439603377154	-0.0024609142453120045	-0.0034348079679248403	1.06813097	31.71645355	1.01394275	0.15551046715241537	0.00362182	0.00017
-0.111	0.1013	0.0727	0.006571164633758651	-0.0026354471705114374	-0.0033702307856010505	1.01230013	30.05864716	0.98942021	0.0486544717051144	0.00383931	9e-05
-0.1127	0.0093	0.0368	0.007117452689632876	-0.0022549653935766737	-0.003518583772020568	1.08542907	32.23009491	1.03459222	0.18335614096142527	0.00351417	7e-05
-0.1164	0.0072	0.0204	0.007333873516880173	-0.0019530234329816546	-0.003673918075448063	1.0254482	30.44905663	0.98385998	0.05588485456349055	0.00389487	0.0001
-0.1172	0.0291	0.0248	0.007463027881527753	-0.001980948701013564	-0.0036582101121801144	1.00553763	29.8578434	0.97228414	0.03573937979737194	0.00325114	8e-05
-0.1184	0.0502	0.0497	0.007579964941411373	-0.0021746802479849347	-0.0036215581978882336	1.05937266	31.45639038	1.00326118	0.06456602605734357	0.00371194	5e-05
-0.1164	0.1053	0.08	0.007246607054280456	-0.0025446900494077327	-0.003454006589696778	1.09001446	32.36624908	1.02852242	0.1309459648372585	0.00417978	9e-05
-0.1184	0.033	0.0465	0.007302457590344275	-0.002361430477948328	-0.0034574972482007667	1.07440579	31.90277481	1.02893453	0.11993003830136063	0.00415939	0.00012
-0.1202	-0.0003	0.0246	0.007674212721019067	-0.0020682151636132805	-0.003555235686312449	1.08077633	32.09193802	1.00597594	0.09513544415607608	0.00428754	0.00012
-0.1252	0.0277	0.0317	0.007742280561846846	-0.0019879300180215415	-0.0036180675393842456	1.02954268	30.57063675	0.98088903	0.050659241974565714	0.00343239	9e-05
-0.1208	0.0814	0.056	0.007726572598578897	-0.0022497294058206906	-0.003611086222376268	1.03622484	30.7690506	0.99401069	0.09662443340375379	0.00406182	9e-05
-0.1265	0.1284	0.0796	0.007403686686959946	-0.0028221974004748306	-0.0037053340019839614	1.04522753	31.03637123	1.00846517	0.1257800842940392	0.00464857	0.00013
-0.1271	0.053	0.0409	0.007665486074759095	-0.0025499260371637153	-0.0037140606482439333	1.06789362	31.7094059	1.0220338	0.14183986986851177	0.00425285	0.00014
-0.143	0.016	0.0294	0.007883652231258387	-0.002228785454796759	-0.003862413634663451	1.04384995	30.99546623	0.99849274	0.09878298626428832	0.00473768	0.00013
-0.1401	0.04	0.0299	0.007894124206770353	-0.0022026055160168437	-0.0037245326237558994	1.0332346	30.68026161	0.98796471	0.03612664625997163	0.00387782	7e-05
-0.1259	0.0723	0.056	0.0077771871468867325	-0.0025115287936198403	-0.003563962332572421	1.0333029	30.68229103	0.99651801	0.1019215314335048	0.00394827	8e-05
-0.1166	0.1348	0.0785	0.007515387759087582	-0.0028326693759867967	-0.003454006589696778	1.01440918	30.12127113	0.99703931	0.1289447856520875	0.00483549	7e-05
-0.1216	0.0305	0.0443	0.007789404451650692	-0.0026057765732275338	-0.003639011490408177	1.09313869	32.45901871	1.04718559	0.17779571980168865	0.00415558	0.00015
-0.1351	0.0122	0.0147	0.00804247719318987	-0.0022200588085367874	-0.0038013271108436495	1.02972531	30.57605743	0.99407871	0.1014553063332698	0.00450802	8e-05
-0.1408	0.0387	0.0177	0.008117526351025627	-0.0022078415037728267	-0.0038065630985996326	1.05658937	31.37374496	0.99645349	0.039825122517785055	0.00427818	0.00012
-0.1314	0.0681	0.0497	0.007944738755078189	-0.002633701841259443	-0.0038083084278516272	1.10153782	32.70841599	1.01177518	0.10081966313430246	0.00482601	7e-05
-0.1246	0.0885	0.057	0.007630579489719209	-0.0028396506929947744	-0.003673918075448063	1.00227189	29.76087379	0.9764703	0.06722492347489376	0.0043655	0.00015
-0.1254	0.0186	0.0186	0.008002334620394002	-0.002450442269800039	-0.0038100537571036214	1.04531562	31.03898811	1.0183442	0.1539549617762543	0.00389677	5e-05
-0.1327	0.0066	0.0199	0.007962192047598132	-0.0022026055160168437	-0.003834488366631542	1.03021991	30.59074402	0.98801875	0.03622069680534928	0.00445408	0.00021
-0.139	0.0398	0.0234	0.007815584390430608	-0.002261946710584651	-0.003820525732615587	1.0850482	32.21878433	1.01188566	0.05399557428756428	0.00374895	9e-05
-0.133	0.0926	0.0683	0.0076724673917670716	-0.0026668630970473357	-0.0037419859162758423	1.13631797	33.74115753	1.04601542	0.1350286600732983	0.0050891	0.00015
-0.12	0.0903	0.0572	0.0077824231346427155	-0.0027558748888990466	-0.003598868917612307	1.02142978	30.3297348	0.98752188	0.043504226669544496	0.0043143	0.00011
-0.1356	0.0257	0.0458	0.00856258531028418	-0.0024818581963359366	-0.0038467056713955023	1.06349802	31.57888603	1.02135777	0.15670078109938845	0.00437039	0.00011
-0.1473	0.0377	0.0628	0.008885471221903132	-0.002228785454796759	-0.003862413634663451	1.04425347	31.0074501	0.99437971	0.07028333082130393	0.00508022	0.0001
-0.1547	0.0569	0.0574	0.008709192967451705	-0.0022602013813326567	-0.0039339721339952186	1.04522431	31.03627777	0.99521923	0.04596263401595464	0.00540042	0.00014
-0.1452	0.0818	0.0706	0.008587019919812101	-0.0025481807079117207	-0.003820525732615587	1.06741726	31.69526291	1.00704963	0.07377993877991497	0.00522876	0.00011
-0.1362	0.1095	0.0694	0.00823097275240526	-0.0028658306317746896	-0.0036931166972200015	1.05448604	31.31128883	1.00585239	0.0779553063332698	0.00488079	8e-05
-0.1354	0.0196	0.0223	0.00851022543272435	-0.002462659574563999	-0.003785619147575701	1.08822846	32.31321716	1.03528548	0.176546309394274	0.00402081	0.00012
-0.1459	0.0261	0.0281	0.008649851772883898	-0.0022183134792847924	-0.003837979025135531	1.00142491	29.73572159	0.97538797	0.044616615649929275	0.00475669	0.00011
-0.1514	0.0368	0.0291	0.008785987454539455	-0.0022043508452688383	-0.0038152897448596045	1.01625824	30.17617607	0.98019123	0.025839379797371897	0.00451475	9e-05
-0.1421	0.1052	0.0638	0.008487536152448424	-0.0027576202181510408	-0.003778637830567723	1.10255039	32.73848343	1.03051853	0.15681862946325573	0.00509882	0.0001
-0.1462	0.0856	0.0399	0.008375835080320788	-0.0028571039855147177	-0.003968878719035105	1.0090642	29.96255875	0.99281121	0.06767128639793475	0.00473511	0.00017
-0.1678	0.011	0.0074	0.00898146433076282	-0.002633701841259443	-0.004330161874197931	1.08158267	32.11587906	1.02693592	0.18821572749300663	0.00520009	8e-05
-0.1893	0.0387	0.0271	0.009164723902222225	-0.0027192229746071652	-0.004389503068765739	1.03479612	30.72662926	0.98948188	0.08530609496874679	0.0052833	7e-05
-0.1902	0.0667	0.0354	0.00923104641379801	-0.0027855454861829498	-0.0044540802510895285	0.99365103	29.50489044	0.97522863	0.04706111027376792	0.00554949	0.0002
-0.1777	0.1243	0.061	0.008881980563399144	-0.0031258846903218446	-0.004440117617073575	1.03072047	30.60560989	1.00032128	0.13086838442768567	0.00635391	0.00017
-0.1779	0.0889	0.0404	0.008936085770210968	-0.003134611336581816	-0.004509930787153347	1.00326753	29.79043579	0.98749535	0.06283225115757836	0.00593942	0.00021
-0.1856	0.0143	0.0182	0.00932878485190969	-0.0026563911215353696	-0.004628613176288962	1.04489505	31.02649879	1.01578091	0.15398008429403914	0.00584322	0.00023
-0.1831	0.0389	0.0291	0.009122836000174361	-0.0024853488548399255	-0.004436626958569585	1.04956734	31.16523743	0.99786579	0.06644886680750749	0.00616252	0.00029
-0.181	0.0909	0.0471	0.00922755575529402	-0.0029321531433504737	-0.004543092042941239	1.09993362	32.66078186	1.01883376	0.10499945640009312	0.00683683	0.00029
-0.1728	0.1183	0.0607	0.008983209660014814	-0.003274237676741362	-0.004384267081009755	1.01286864	30.07552528	0.98237069	0.08646277953007887	0.00650531	0.00024
-0.1724	0.0232	0.0203	0.00923104641379801	-0.0028571039855147177	-0.004473278872861466	1.06893933	31.74045563	1.03524422	0.17359911184307752	0.00549287	0.00011
-0.1708	0.0213	0.0225	0.009145525280450286	-0.0025569073541716926	-0.004295255289158045	1.00470221	29.83303642	0.97872374	0.03388706741970846	0.00590438	0.00029
-0.1679	0.0675	0.0348	0.009128071987930345	-0.0026843163895672786	-0.004244640740850209	1.09848177	32.61767197	1.01713338	0.07117384381116816	0.00535572	0.00012
-0.1627	0.1154	0.0712	0.008787732783791448	-0.0031677725923697077	-0.00411548637620263	1.083781	32.18115616	1.02084212	0.13714748857944525	0.00654989	0.00019
-0.1624	0.0795	0.0588	0.008806931405563387	-0.003190461872645634	-0.00409977841293468	1.01965201	30.27694893	0.99149198	0.051479793265790816	0.00588131	9e-05
-0.1518	0.0156	0.0381	0.009012880257298716	-0.0025883232807075904	-0.004002039974822997	1.06372654	31.58567238	1.0183428	0.14049129408925273	0.00511134	0.00011
-0.1647	0.0349	0.0539	0.009183922523994161	-0.0024923301718479027	-0.00404741853537485	0.9973191	29.61380768	0.97581022	0.06362069680534929	0.00546765	0.00011
-0.1692	0.0886	0.0781	0.00923104641379801	-0.0029478611066184224	-0.004181808887778414	1.04585993	31.05515099	1.00426964	0.11425225884889656	0.00623864	0.00016
-0.1858	0.1279	0.09	0.009000662952534759	-0.0035918876006043304	-0.004429645641561609	1.05134606	31.21805382	1.01463682	0.12391233545161769	0.00695729	0.00016
-0.193	0.0622	0.058	0.009262462340333906	-0.0032602750427254074	-0.004577998627981126	1.04586494	31.05529976	1.0078672	0.14198824660487938	0.00635302	0.0001
-0.2012	0.0384	0.0437	0.009475392509077215	-0.0029443704481144336	-0.004750786223928565	1.01943123	30.27039146	0.98334429	0.08138111796508608	0.00620568	0.00011
-0.2012	0.0534	0.0434	0.009548696337660976	-0.0029548424236264	-0.004670501078336825	1.0327878	30.66699409	0.98426576	0.02350304748437335	0.00632226	0.00016
-0.1898	0.0952	0.0671	0.009407324668249437	-0.0032934362985133003	-0.004626867847036967	1.02819204	30.53052902	0.99129797	0.10307993877991488	0.00638914	0.00013
-0.1916	0.1137	0.0596	0.009154251926710258	-0.003518583772020568	-0.004616395871525002	0.9819054	29.15612221	0.97254326	0.05223460952792059	0.00672126	0.00011
-0.1951	0.025	0.0196	0.009433504607029351	-0.0030979594222899347	-0.004707152992628707	1.06108904	31.50735474	1.02486172	0.1717317075576716	0.00591224	0.00023
-0.2146	0.0234	-0.0031	0.009546951008408983	-0.0029077185338225527	-0.004673991736840814	1.01583087	30.16348457	0.98483745	0.06064242728174538	0.00606626	0.00016
-0.2194	0.0505	0.0093	0.009524261728133056	-0.002960078411382383	-0.004745550236172582	1.05674922	31.37849236	0.99500864	0.051630382858376254	0.00645822	0.00029
-0.1934	0.0946	0.0431	0.009370672753957556	-0.0033527774930811067	-0.004600687908257053	1.09918845	32.63865662	1.02489194	0.13845751918948765	0.00672734	0.00023
-0.181	0.1075	0.0459	0.009046041513086609	-0.0036093408931242737	-0.00450294947014537	0.99540198	29.55688095	0.97693967	0.062046653951289846	0.00610077	0.0002
-0.1969	0.0235	0.0067	0.009471901850573226	-0.00314857397059777	-0.004632103834792951	1.05693805	31.38409615	1.02085154	0.1898890812330351	0.00584495	0.00013
-0.2079	0.0354	0.0168	0.009548696337660976	-0.002958333082130389	-0.004611159883769018	1.01665521	30.18796349	0.98193764	0.047398966328953226	0.0063954	0.00025
-0.1934	0.087	0.0429	0.00934100215667365	-0.003178244567881674	-0.004591961261997081	1.07851636	32.02482986	1.0193907	0.1145402144255274	0.0061819	0.00012
-0.1862	0.1236	0.0599	0.00893259511170698	-0.003492403833240653	-0.004420918995301637	1.01421082	30.11537933	0.99106462	0.1054804288510546	0.00651127	0.00017
-0.1836	0.0556	0.028	0.009197885158010117	-0.0032340951039454926	-0.004427900312309613	1.0339179	30.70055199	1.0049528	0.1290290046303136	0.00579238	0.00015
-0.1927	0.0355	0.023	0.009543460349904992	-0.003010692959690218	-0.004738568919164605	0.99720663	29.61046791	0.9734208	0.07818229715025708	0.00620019	0.0002
-0.192	0.0541	0.0248	0.009573130947188898	-0.003038618227722128	-0.00467224640758882	0.99882323	29.65847015	0.97021396	0.027295918844580016	0.00580502	8e-05
-0.1805	0.0987	0.0606	0.009325294193405703	-0.003375466773357033	-0.004417428336797647	1.03881311	30.84590721	0.99678136	0.13387516851046366	0.00652581	0.00011
-0.1813	0.1164	0.0542	0.008833111344343302	-0.003522074430524557	-0.004382521751757761	1.02537024	30.44674301	0.99935651	0.058584854563490545	0.00650424	0.00022
-0.1896	0.0177	0.0236	0.009154251926710258	-0.003199188518905606	-0.0044628068973495	1.08649087	32.26162338	1.04148646	0.17381558197888228	0.00577086	0.00017
-0.1966	0.0353	0.0248	0.00929213293761781	-0.0030508355324860886	-0.00463559449329694	1.01252222	30.06524086	0.9742025	0.048751079663725445	0.00587887	9e-05
-0.2167	0.0575	0.0196	0.00934449281517764	-0.003274237676741362	-0.004796164784480418	1.05509281	31.32930756	0.98606994	0.06931661564992911	0.00644308	0.00015
-0.1979	0.0922	0.0584	0.009128071987930345	-0.0035046211380046137	-0.004609414554517024	1.04250479	30.95552635	0.99767648	0.12397772592369705	0.00641233	0.00011
-0.192	0.1133	0.0653	0.008944812416470937	-0.0036669367584400863	-0.004480260189869444	0.96525544	28.66172791	0.96442563	0.05763647782712301	0.00656277	0.00025
-0.1995	0.0246	0.0242	0.00936543676620157	-0.003337069529813158	-0.004651302456564888	1.04309881	30.9731636	1.01372707	0.18337669225265024	0.00596637	8e-05
-0.2162	0.0186	0.0185	0.00957836693494488	-0.0031433379828417875	-0.0046914450293607576	0.98779219	29.33092117	0.96751637	0.05074021442552747	0.00639349	0.00019
-0.2217	0.0654	0.0277	0.00973893722612836	-0.003269001688985379	-0.004778711491960474	1.05607724	31.35853767	0.99807091	0.08017502299633943	0.00674766	0.0001
-0.2044	0.1305	0.0446	0.009414305985257413	-0.0034348079679248403	-0.004710643651132695	1.07415712	31.89538956	1.01642596	0.12722526803190937	0.00741524	0.00025
-0.1993	0.0908	0.0276	0.00925548102332593	-0.003378957431861022	-0.004651302456564888	1.01770198	30.21904564	0.98727982	0.07550083462815549	0.00644869	0.00013
-0.2045	0.014	0.0171	0.009648180105024653	-0.0031293753488258326	-0.0048467793327882525	1.06611037	31.65645409	1.02178281	0.13438790204786388	0.00642109	0.00019
-0.2189	0.0471	0.0269	0.009878563566287904	-0.0031922072018976287	-0.004961971063419879	1.01896095	30.25642776	0.98661719	0.07772035224833367	0.00664449	0.00014
-0.2169	0.068	0.0344	0.009943140748611695	-0.0032498030672134413	-0.004968952380427856	0.98088831	29.12592125	0.96628143	0.03685771823237908	0.00710356	0.00014
-0.2009	0.1261	0.0517	0.009569640288684908	-0.003572688978832392	-0.004843288674284265	1.05531168	31.33580399	1.01505369	0.13250250388446644	0.00719094	0.00022
-0.2036	0.0792	0.0248	0.009527752386637046	-0.003480186528476693	-0.0048956485518440946	1.02043247	30.30012321	0.99915301	0.08583751149816957	0.0065273	0.0001
-0.2217	0.0257	0.0064	0.009927432785343747	-0.0033265975543011915	-0.005030038904247658	1.02848673	30.53927994	0.99535952	0.12438298626428831	0.00688773	0.00014
-0.2318	0.0501	0.0229	0.00980002374994816	-0.003495894491744642	-0.004981169685191816	1.06540108	31.63539314	0.99480457	0.06827875959474392	0.00782531	0.00023
-0.2105	0.1054	0.0525	0.009677850702308557	-0.0036896260387160127	-0.00474904089467657	1.05832422	31.42525673	1.00896627	0.13360166925631103	0.00733298	0.00022
-0.2033	0.1164	0.0645	0.009683086690064539	-0.003902556207459321	-0.00463559449329694	0.97036612	28.81348228	0.96568427	0.04678062789394606	0.00753176	0.00015
-0.2163	0.029	0.021	0.010196213490150874	-0.003467969223712733	-0.004925319149127998	1.04097474	30.9100914	1.01503941	0.20577192198319905	0.00711799	0.00017
-0.2276	0.0296	0.0289	0.010341075818066403	-0.003480186528476693	-0.004872959271568168	0.97128278	28.84070015	0.96290349	0.030271975511965983	0.00758666	0.00031
-0.2196	0.0865	0.0463	0.010217157441174806	-0.0035918876006043304	-0.004832816698772298	1.02675724	30.48792648	0.99311232	0.0960881010907552	0.00791943	0.00014
-0.2269	0.126	0.0914	0.009859364944515966	-0.003871140280923423	-0.0048520153205442364	1.05203176	31.23841476	1.01039111	0.12471218993749356	0.00899577	0.00033
-0.2235	0.0568	0.0549	0.010159561575858992	-0.003712315318991939	-0.004836307357276287	1.03274512	30.66572762	1.015897	0.13283647782712288	0.00812531	0.00029
-0.2352	0.0187	0.0273	0.010620328498385496	-0.0034487706019407953	-0.005126032013107346	1.0458374	31.05448151	0.99665481	0.1281018147704353	0.00852305	0.00027
-0.2521	0.0455	0.0368	0.010848966630396752	-0.003728023282259888	-0.005286602304290824	1.01162934	30.03872681	0.98163924	0.08662305517569131	0.00931871	0.00024
-0.2463	0.0907	0.0642	0.010725048253505155	-0.00400727596257898	-0.005553637679845957	1.03007424	30.58641815	0.99622	0.11191032163829108	0.00962979	0.00038
-0.2311	0.1197	0.0687	0.010386454378618255	-0.004029965242854907	-0.005422737985946381	0.96901375	28.77332497	0.97072104	0.07330914245312013	0.00993627	0.00044
-0.249	0.0202	0.0386	0.010810569386852877	-0.003867649622419434	-0.005621705520673735	1.07678235	31.9733429	1.03889669	0.1867699081698725	0.00914901	0.00036
-0.2662	0.0515	0.0536	0.010889109203192622	-0.003907792195215304	-0.005518731094806069	1.00944698	29.97392654	0.98363125	0.07458284075016405	0.00978804	0.00046
-0.2642	0.0779	0.0607	0.010793116094332932	-0.004036946559862884	-0.005590289594137836	1.0212034	30.32301521	0.98615518	0.050335298641951805	0.0106316	0.00045
-0.2436	0.1265	0.0796	0.01043706892692609	-0.004190535534038385	-0.005373868766890541	1.01930583	30.26667023	1.00092613	0.12440284844148188	0.0102223	0.00043
-0.2436	0.0745	0.0535	0.010531316706533785	-0.003977605365295077	-0.005363396791378575	0.99177295	29.44912338	0.98159116	0.09398249619314848	0.00925738	0.00026
-0.2524	0.0218	0.0332	0.010943214410004447	-0.0037402405870238476	-0.005412266010434416	1.02585077	30.46101189	0.99160782	0.11670658503988658	0.00982618	0.00043
-0.2589	0.0541	0.046	0.011023499555596186	-0.0037768925013157294	-0.005370378108386551	1.0076555	29.9207325	0.97614673	0.05954124809657432	0.00952744	0.00028
-0.249	0.1014	0.0523	0.010937978422248463	-0.0038117990863556156	-0.005380850083898519	0.99383962	29.51049042	0.97528077	0.07004498469497891	0.00987643	0.00039
-0.2417	0.1162	0.0632	0.010876891898428661	-0.004078834461910747	-0.005407030022678433	0.96631879	28.69330215	0.96556525	0.0507150919077424	0.010215	0.0005
-0.254	0.0377	0.0358	0.01125911900461542	-0.0037419859162758423	-0.005551892350593962	1.03256023	30.66023827	1.01762336	0.1613968989868597	0.00981075	0.0005
-0.2708	0.049	0.0451	0.011351621454971119	-0.003824016391119576	-0.005499532473034132	1.0003593	29.70408058	0.9781729	0.04874464013796307	0.0102721	0.00054
-0.2666	0.0785	0.051	0.011255628346111431	-0.003796091123087667	-0.005508259119294104	1.01227105	30.05778122	0.97794514	0.04623225115757838	0.0105155	0.00043
-0.2477	0.1279	0.0769	0.010718066936497177	-0.004002039974822997	-0.005380850083898519	1.01845086	30.24128151	0.99736479	0.1377459648372585	0.0105752	0.00054
-0.2429	0.0861	0.0581	0.010669197717441336	-0.0038222710618675813	-0.00528485697503883	0.98453534	29.23421478	0.97930077	0.08163156204354731	0.00956243	0.00049
-0.2445	0.028	0.0507	0.010847221301144759	-0.003607595563872279	-0.005176646561415181	1.03223252	30.65050507	0.99938662	0.09214547476611874	0.00951821	0.00044
-0.2432	0.065	0.0689	0.010918779800476527	-0.0037681658550557575	-0.005136503988619312	1.00815165	29.93546486	0.9800818	0.07011356816555575	0.00942659	0.00035
-0.2348	0.0849	0.0779	0.010939723751500458	-0.003858922976159462	-0.005169665244407204	0.97274727	28.88418579	0.96381791	0.044543116395776336	0.00967222	0.00031
-0.227	0.1423	0.0979	0.01048070215822595	-0.004220206131322289	-0.005153957281139256	1.02615178	30.46994972	1.00082245	0.12700063558526414	0.0103188	0.00072
-0.2319	0.0904	0.0744	0.010691886997717262	-0.004239404753094226	-0.005152211951887261	1.01749361	30.2128582	0.99502334	0.09190643952576227	0.00969976	0.00069
-0.2413	0.0287	0.0557	0.011114256676699892	-0.0038327430373795474	-0.005412266010434416	1.02068174	30.30752563	1.00174828	0.14425427266222315	0.00984788	0.00072
-0.2412	0.0577	0.0634	0.010918779800476527	-0.003785619147575701	-0.00529707427980279	1.02680886	30.48945999	0.98386788	0.05468962483294185	0.00983119	0.00052
-0.234	0.0751	0.0564	0.010794861423584929	-0.0038170350741115982	-0.005176646561415181	1.05652428	31.37181282	0.99409912	0.04538810109075522	0.00989819	0.00031
-0.2201	0.1293	0.0599	0.010355038452082358	-0.0039898226700590365	-0.004970697709679851	1.04297805	30.96957779	1.00218938	0.11252797095926696	0.00912076	0.00039
